1,8,120,159.6,1,3,0,450,0
1,4.24,63.65,84.65,3,3,7,630,0
1,2.58,60,79.8,4,3,1,630,0
1,3.57,60,79.8,5,3,0,1020,0
1,3.09,60,79.8,4,3,1,1080,0
1,8.05,120.68,160.51,5,3,0,480,2
1,3.44,60,79.8,5,3,0,480,0
1,3.42,60,79.8,5,3,0,480,0
1,5.11,76.59,101.86,1,3,0,1020,0
1,2.65,60,79.8,5,3,0,850,0
1,6.84,102.58,136.42,5,3,0,1440,0
1,6.08,91.25,121.36,5,3,1,960,0
1,6.08,91.15,41.5,5,3,1,960,5
1,4.21,63.18,84.03,5,3,2,960,0
1,5.27,79,105.07,5,3,0,990,2
1,0,60,79.8,4,3,0,630,1
1,2,60,79.8,5,3,0,1255,1
1,6.62,99.24,131.99,5,3,0,1255,1
1,1.73,60,79.8,5,3,0,1265,1
1,1.92,60,79.8,5,3,0,1265,1
1,1.92,60,79.8,5,3,0,1265,1
1,1.98,60,79.8,5,3,0,1270,1
1,1.86,60,79.8,5,3,0,1270,1
1,5.23,78.52,104.43,5,3,2,510,2
1,5.64,84.54,112.43,5,3,1,510,3
1,4.8,72,95.77,5,3,2,510,5
1,5.23,78.44,104.33,5,3,1,510,4
1,4.88,73.16,97.3,5,3,1,510,1
1,8.49,127.28,169.28,5,3,1,390,3
1,5.06,75.89,100.93,5,3,0,930,1
1,8.02,120.31,160.02,3,3,0,390,8
1,4.54,68.16,90.66,5,3,1,1020,4
1,4.48,67.22,89.4,5,3,1,1020,6
1,8.04,120.62,160.43,5,3,0,390,3
1,3.42,60,79.8,5,3,0,1035,3
1,3.77,60,79.8,5,3,0,630,1
1,3.73,60,79.8,4,3,0,1020,2
1,8.67,130.11,173.05,5,3,1,390,3
1,6.52,97.74,130,5,3,0,960,1
1,6.48,97.23,129.31,5,3,0,1225,1
1,1.85,60,79.8,5,3,0,1235,1
1,2.77,60,79.8,5,3,0,1235,1
1,4.6,69.05,91.83,5,3,0,960,4
1,4.25,63.72,84.75,5,3,1,780,5
1,3.63,60,79.8,5,3,2,960,3
1,5.37,80.61,107.21,5,3,6,960,17
1,5.51,82.71,110.01,5,3,9,1020,17
1,4.08,61.27,81.49,4,3,1,1020,2
1,8.31,124.63,165.76,5,3,3,935,6
1,4.13,62,82.46,5,3,1,630,3
1,7.6,114.03,151.66,5,3,0,420,2
1,5.41,81.1,107.87,5,3,3,1020,3
1,5.45,81.78,108.77,5,3,1,1020,4
1,3.55,60,79.8,5,3,1,690,2
1,4.63,69.51,92.44,5,3,1,600,6
1,-16.29,60,79.8,5,3,0,405,1
1,4.06,60.91,81.01,5,3,2,600,7
1,3.99,60,79.8,5,3,0,600,1
1,8.75,131.24,174.55,5,3,1,390,8
1,3.35,60,79.8,5,3,3,585,10
1,3.34,60,79.8,5,3,3,585,1
1,7.31,109.66,145.85,5,3,1,960,6
1,4.37,65.51,87.13,5,3,1,900,6
1,8.16,122.37,162.75,5,3,3,390,5
1,1.94,60,79.8,5,3,0,1230,1
1,1.96,60,79.8,5,3,0,1230,1
1,1.94,60,79.8,5,3,0,1235,1
1,1.87,60,79.8,5,3,0,1260,1
1,4.14,62.16,82.68,5,3,0,600,1
1,3.62,60,79.8,5,3,0,630,1
1,6.06,90.83,120.8,5,3,2,990,3
1,5.33,79.99,106.39,5,3,0,900,0
1,4.1,61.47,81.75,5,3,2,600,3
1,6.9,103.52,137.68,5,3,0,1020,2
1,8.07,121.12,161.09,5,3,2,300,6
1,7.91,118.59,157.72,5,3,6,510,9
1,4.23,63.46,84.4,5,3,3,840,1
1,4.06,60.97,81.09,5,3,2,660,5
1,8.18,122.71,163.21,5,3,0,480,1
1,6.11,91.61,121.85,5,3,5,945,5
1,7.44,111.59,148.42,5,3,5,870,2
1,7.22,108.35,144.11,5,3,5,870,3
1,4.02,60.33,80.24,5,3,3,1020,1
1,4.42,66.31,88.2,5,3,3,1105,6
1,7.96,119.34,158.72,5,3,5,900,8
1,5.17,77.49,103.06,5,3,2,1020,5
1,6.22,93.26,124.04,5,3,3,960,1
1,7.72,115.74,153.93,5,3,4,420,10
1,4.32,64.84,86.24,5,3,7,990,10
1,8.04,120.53,160.31,5,3,0,480,1
1,6.45,96.68,128.58,5,3,1,420,8
1,6.25,93.7,124.63,5,3,3,960,6
1,6.67,100.1,133.13,5,3,4,960,6
1,5.1,76.48,101.72,5,3,0,930,0
1,4.04,60.59,80.59,4,3,1,1140,9
1,4.49,67.4,89.64,5,3,1,570,5
1,4.8,72.03,95.8,5,3,3,1080,7
1,5.51,82.72,110.02,5,3,0,960,1
1,3.92,60,79.8,1,3,2,480,3
1,2.87,60,79.8,5,3,0,1230,1
1,2.88,60,79.8,5,3,3,1230,3
1,8.21,123.13,163.76,5,3,0,540,4
1,5.31,79.61,105.89,5,3,0,1050,1
1,6.18,92.69,123.28,5,3,0,960,3
1,6.25,93.71,124.63,4,3,0,420,3
1,6.58,98.67,131.24,3,3,0,960,3
1,4.02,60.26,80.15,5,3,1,780,2
1,2.73,60,79.8,4,3,0,600,1
1,2.45,60,79.8,5,3,0,1455,1
1,0.01,60,79.8,5,3,0,785,14
1,5.43,81.46,108.35,5,3,1,840,2
1,5.58,83.75,111.39,5,3,2,840,3
1,4.08,61.25,81.46,5,3,3,1080,5
1,4.08,61.25,81.46,5,3,1,840,1
1,5.47,82.06,109.14,5,3,3,960,3
1,5.51,82.6,109.85,5,3,3,960,9
1,4.94,74.16,98.63,5,3,4,990,7
1,7.92,118.81,158.02,5,3,1,420,4
1,7.92,118.83,158.04,5,3,0,420,4
1,7.86,117.85,156.74,5,3,4,360,4
1,8.1,121.57,161.69,4,3,1,360,9
1,8.41,126.16,167.79,5,3,2,360,1
1,8,120.03,159.64,3,3,2,360,5
1,8.3,124.57,165.68,5,3,1,360,5
1,6.61,99.11,131.82,5,3,0,360,2
1,3.77,60,79.8,5,3,5,300,8
1,7.91,118.71,157.88,5,3,2,480,13
1,4.71,70.6,93.9,5,3,1,480,4
1,8.64,129.57,172.33,5,3,0,480,1
1,6.11,91.71,121.98,5,3,0,960,2
1,0.01,60,79.8,5,3,1,1275,2
1,3.02,60,79.8,5,3,0,780,1
1,0,60,79.8,5,3,0,900,1
1,0.01,60,79.8,5,3,0,975,1
1,7,105,139.65,5,3,0,840,3
1,6,90.02,119.72,5,3,0,990,2
1,6.2,92.94,123.62,5,3,0,960,1
1,0.02,60,79.8,5,3,0,1485,1
1,3.4,60,19.95,5,3,4,1005,11
1,5.02,75.32,100.18,5,3,0,570,1
1,3.62,60,79.8,5,3,0,1110,1
1,30,450,598.5,5,3,0,1380,1
1,3.56,60,79.8,5,3,1,675,8
1,3.92,60,79.8,5,3,2,960,2
1,0.03,60,79.8,5,3,0,875,1
1,7.44,111.53,148.34,5,3,0,420,2
1,31,465,618.45,5,3,0,1225,1
1,2.64,60,79.8,5,3,0,865,1
1,5.53,82.97,110.35,3,3,3,1050,5
1,0.01,60,79.8,5,3,0,1065,1
1,5.98,89.67,119.26,0,1,0,870,3
1,0.03,60,79.8,5,3,0,780,1
1,4.03,60.43,40.5,5,3,0,600,1
1,7.93,118.88,158.11,5,3,0,420,4
1,7.02,105.25,139.98,5,3,0,960,1
1,3.55,60,79.8,4,3,1,540,3
1,6.37,95.49,127,3,3,0,1140,7
1,6.92,103.85,138.13,5,3,0,930,1
1,7.95,119.32,158.69,5,3,2,420,4
1,7.34,110.06,146.38,5,3,1,420,6
1,8.09,121.39,161.44,5,3,2,420,7
1,7.87,118.07,157.03,5,3,0,390,8
1,8.06,120.93,160.83,3,3,7,390,8
1,7.89,118.33,157.38,5,3,0,390,3
1,8.04,120.57,160.35,5,3,0,420,2
1,6.77,101.52,95.16,5,3,0,990,1
1,5.02,75.29,100.13,5,3,0,600,3
1,0,60,79.8,5,3,0,630,4
1,0.01,60,39.9,5,3,2,800,10
1,5.51,82.58,109.83,5,3,0,905,1
1,6.37,95.59,127.14,5,3,4,630,7
1,7.44,111.59,148.41,5,3,0,900,1
1,5.61,84.17,111.95,5,3,0,1430,3
1,4.08,61.21,81.41,5,3,1,1050,4
1,4.2,63.07,83.88,5,3,0,1440,2
1,2.01,60,39.9,5,3,0,660,3
1,4.49,67.32,89.53,5,3,0,1440,1
1,4.62,69.27,92.13,5,3,0,1440,3
1,4.58,68.73,91.42,5,3,0,1440,1
1,4.02,60.32,80.23,4,3,0,960,3
1,6.69,100.31,133.41,5,3,0,990,1
1,7.34,110.07,146.4,5,3,0,480,1
1,3.97,60,79.8,5,3,0,795,1
1,4.24,63.53,44.69,5,3,2,1140,8
1,3.81,60,79.8,4,3,1,1050,4
1,5.36,80.36,106.87,5,3,10,600,14
1,3.98,60,79.8,5,3,0,1440,2
1,8.2,123.05,163.66,5,3,0,390,1
1,0.01,60,79.8,5,3,0,855,1
1,7.09,106.31,141.39,5,3,0,480,2
1,0.02,60,79.8,5,3,1,1175,2
1,10.64,159.59,212.25,5,3,0,375,4
1,8.32,124.85,166.05,5,3,0,390,2
1,8,120,159.6,5,3,0,480,1
1,7.41,111.1,147.77,5,3,1,930,2
1,5.44,81.62,108.55,5,3,0,390,1
1,7.91,118.59,157.73,5,3,0,480,3
1,5.06,75.93,100.99,5,3,1,840,3
1,3.74,60,79.8,3,3,4,840,9
1,3.66,60,79.8,5,3,0,630,5
1,0.03,60,79.8,5,3,0,790,1
1,0,60,79.8,5,3,0,965,1
1,4.11,61.69,82.04,5,3,0,1020,1
1,5.15,77.24,102.73,5,3,2,540,4
1,2.86,60,79.8,5,3,1,630,2
1,10.08,151.27,201.18,5,3,0,405,6
1,8.09,121.28,161.31,5,3,0,405,1
1,8.21,123.18,163.82,5,3,0,405,2
1,7.78,116.68,155.18,5,3,1,405,4
1,4.45,66.78,48.88,5,3,1,660,2
1,7.5,112.51,149.64,5,3,0,390,1
1,4.01,60.08,79.91,4,3,0,1050,1
1,5.55,83.22,110.69,5,3,0,390,1
1,0,60,79.8,5,3,0,1360,1
1,9.19,137.91,143.44,5,3,1,420,6
1,5.98,89.73,119.34,5,3,0,390,1
1,8.28,124.27,165.28,5,3,2,390,8
1,6.04,90.65,120.57,5,3,0,360,4
1,4.51,67.72,90.07,5,3,0,630,2
1,8.66,129.95,172.83,5,3,0,480,1
1,4.13,61.9,82.32,4,3,0,1110,1
1,3.73,60,79.8,5,3,0,900,1
1,3.98,60,79.8,5,3,0,1020,2
1,7.35,110.32,146.73,5,3,0,405,2
1,7.47,112.07,149.05,5,3,0,405,2
1,6.78,101.68,135.24,5,3,0,480,1
1,8.27,124.01,164.93,5,3,1,480,4
1,3.52,60,79.8,4,3,0,1020,1
1,7.98,119.63,159.11,5,3,0,500,2
1,7.35,110.26,146.65,5,3,0,480,2
1,7.94,119.11,158.41,5,3,0,390,1
1,4.01,60.14,40.1,5,3,1,570,5
1,4.22,63.31,84.2,5,3,0,585,1
1,6.02,90.25,120.03,5,3,0,610,7
1,0.02,60,79.8,5,3,0,795,1
1,0.02,60,79.8,5,3,0,815,1
1,3.7,60,79.8,5,3,0,1050,1
1,3.71,60,79.8,5,3,0,1050,1
1,6.19,92.86,123.5,5,3,0,1050,1
1,0.02,60,79.8,5,3,0,1145,1
1,4.25,63.71,84.73,5,3,0,935,2
1,8.12,121.75,161.92,5,3,0,450,1
1,4.42,66.35,88.25,2,3,0,990,1
1,3.38,60,79.8,5,3,3,1035,8
1,7.56,113.44,150.88,5,3,0,420,2
1,0.03,60,79.8,5,3,0,1115,1
1,4.03,60.5,80.46,5,3,0,1050,1
1,5.03,75.41,100.3,5,3,0,600,1
1,4.07,61.02,81.16,5,3,0,795,3
1,4.19,62.79,83.51,5,3,0,1050,1
1,5.21,78.17,103.97,5,3,1,570,2
1,4.38,65.63,87.29,5,3,2,1110,5
1,2.33,60,79.8,5,3,2,660,1
1,7.56,113.34,150.74,5,3,3,540,15
1,2.6,60,79.8,5,3,1,630,3
1,5.2,78.04,103.79,5,3,4,570,6
1,2.14,60,79.8,5,3,2,1440,8
1,4.01,60.18,80.04,5,3,1,630,2
1,4.01,60.11,79.95,5,3,0,1080,4
1,3.98,60,79.8,5,3,1,570,4
1,8.37,125.51,166.93,5,3,7,420,24
1,0.02,60,79.8,5,3,0,1485,1
1,8.06,120.88,160.76,5,3,0,480,3
1,8.16,122.45,162.86,5,3,1,480,2
1,3.96,60,79.8,5,3,0,1110,2
1,4.33,64.99,86.43,5,3,0,900,1
1,4.34,65.13,86.62,5,3,0,900,3
1,4.11,61.64,81.98,5,3,0,1030,3
1,7.51,112.58,149.73,5,3,3,510,6
1,6.16,92.38,122.87,5,3,0,420,1
1,4.37,65.61,87.25,4,3,2,1020,4
1,3.39,60,79.8,5,3,0,630,1
1,13.86,207.95,276.57,3,3,5,405,7
1,8.07,121.08,161.04,3,3,0,405,10
1,7.4,110.95,147.57,4,3,2,405,8
1,7.91,118.72,157.89,5,3,1,390,3
1,4,60.04,79.85,5,3,0,1050,1
1,3.59,60,79.8,5,3,0,630,3
1,0.03,60,79.8,5,3,0,910,1
1,7.92,118.84,158.06,5,3,0,390,1
1,8.94,134.04,178.27,5,3,0,390,1
1,7.21,108.13,143.81,3,3,1,990,2
1,8.12,121.77,161.95,5,3,1,510,2
1,7.88,118.24,157.26,5,3,2,395,5
1,0.01,60,79.8,5,3,0,925,1
1,3.06,60,79.8,5,3,0,1020,2
1,3.22,60,79.8,5,3,1,1020,5
1,3.48,60,79.8,5,3,0,960,1
1,4.07,61.04,81.19,5,3,3,780,12
1,7.37,110.57,147.05,5,3,1,420,7
1,3.26,60,79.8,5,3,1,660,2
1,5.4,80.94,107.65,5,3,0,780,1
1,5.1,76.49,101.74,3,3,0,780,2
1,7.75,116.29,154.67,5,3,2,390,9
1,3.98,60,79.8,5,3,0,780,2
1,4.43,66.48,88.42,5,3,6,360,3
1,4.81,72.21,96.04,5,3,6,360,17
1,0.03,60,79.8,5,3,0,1060,1
1,8.2,123.05,163.65,5,3,1,480,3
1,5.81,87.16,115.93,5,3,0,1005,1
1,6.61,99.21,131.94,5,3,0,1005,3
1,0,60,79.8,5,3,0,1055,1
1,0.06,60,79.8,5,3,0,1080,1
1,4.09,61.4,81.67,5,3,0,1050,1
1,2.42,60,79.8,5,3,1,660,2
1,4.15,62.26,82.81,5,3,0,1050,1
1,9.09,136.41,181.42,3,3,1,630,5
1,4.01,60.12,79.96,5,3,1,1020,2
1,6.89,103.38,137.49,5,3,2,960,10
1,0.02,60,79.8,5,3,0,1180,1
1,8.16,122.4,162.79,5,3,0,480,1
1,3.44,60,79.8,5,3,0,660,1
1,2.92,60,79.8,5,3,0,630,2
1,8.41,126.17,167.8,5,3,0,480,1
1,8.04,120.66,160.48,5,3,0,510,2
1,5.84,87.54,116.43,5,3,0,420,3
1,1.68,60,79.8,5,3,1,855,4
1,2.39,60,79.8,5,3,0,660,1
1,0,60,79.8,5,3,0,925,1
1,4.13,61.97,82.42,5,3,5,630,11
1,3.85,60,9.98,5,3,0,1020,1
1,3.81,60,79.8,5,3,0,615,3
1,8.09,121.37,161.42,5,3,0,480,1
1,0.02,60,79.8,5,3,0,1175,1
1,7.62,114.3,152.01,5,3,8,900,14
1,2.78,60,79.8,5,3,4,780,7
1,5.33,79.99,106.38,5,3,2,675,5
1,0.04,60,79.8,5,3,1,905,2
1,8.21,123.13,163.76,5,3,0,390,1
1,8.24,123.67,164.49,5,3,0,480,1
1,6.03,90.45,120.3,5,3,1,1155,1
1,7.99,119.82,159.36,5,3,0,480,1
1,2.61,60,79.8,5,3,2,660,8
1,3.56,60,79.8,5,3,1,540,4
1,0.03,60,79.8,5,3,0,970,1
1,3.94,59.65,79.54,5,3,0,570,5
1,3.78,58.96,78.81,5,3,2,570,4
1,6.58,98.72,91.37,5,3,2,1020,10
1,8.08,121.25,161.26,5,3,0,390,4
1,7.95,119.21,158.55,5,3,0,395,2
1,7.3,109.49,145.62,5,3,0,395,1
1,6.4,95.98,127.66,5,3,0,1020,1
1,5.35,80.2,106.66,5,3,1,660,2
1,0.06,25.35,36.35,5,3,0,815,1
1,4.11,61.65,82,5,3,1,600,2
1,4.85,72.74,96.75,5,3,3,960,1
1,0.04,25.35,36.35,5,3,0,905,1
1,6.09,91.41,121.57,0,1,3,405,5
1,4.26,63.91,85,5,3,0,510,3
1,0.02,25.35,36.35,5,3,0,1315,1
1,3,53.55,73.05,5,3,0,660,1
1,5.82,87.24,116.03,5,3,0,870,1
1,5.81,87.21,115.99,5,3,0,870,1
1,0.05,25.35,36.35,5,3,0,855,1
1,6.18,92.64,123.21,4,3,3,540,4
1,8.94,134.1,178.35,4,3,1,480,3
1,5.55,83.21,110.67,5,3,1,420,5
1,5.45,81.75,108.72,5,3,2,420,5
1,3.8,58.97,55.71,5,3,0,960,3
1,4.3,64.5,85.79,5,3,0,630,1
1,2.65,50.35,69.3,5,3,0,660,2
1,6.6,98.99,131.66,5,3,0,420,1
1,7.41,111.16,147.84,5,3,0,570,0
1,6.53,97.89,130.2,5,3,0,960,1
1,6,90,119.7,5,3,9,540,18
1,6.81,102.17,135.88,4,3,1,960,4
1,6.76,101.47,134.96,5,3,3,960,6
1,7.55,113.2,150.55,5,3,3,990,19
1,4.52,67.79,90.16,5,3,0,960,2
1,7.84,117.55,156.34,5,3,0,390,2
1,7.89,118.3,157.33,5,3,0,390,1
1,4.11,61.6,61.4,5,3,0,300,1
1,0.04,25.35,36.35,5,3,0,945,1
1,5.34,80.1,106.53,5,3,0,480,1
1,0.04,60,79.8,5,3,0,820,1
1,5.38,80.7,107.34,5,3,0,990,1
1,0.04,25.35,36.35,5,3,0,855,1
1,4.92,73.87,98.25,5,3,0,660,3
1,4.42,66.28,88.15,5,3,0,1030,2
1,3.23,55.36,42.68,5,3,1,630,2
1,6.25,93.69,124.61,5,3,0,600,1
1,5.95,89.28,118.75,5,3,1,600,4
1,4.48,67.25,89.44,5,3,4,785,10
1,0.11,25.35,36.35,5,3,0,1160,1
1,0.06,25.35,36.35,5,3,0,970,1
1,6.55,98.27,130.71,5,3,1,960,2
1,6.87,103.12,0,5,3,1,420,3
1,5.24,78.53,104.44,5,3,1,600,3
1,4.88,73.17,97.32,5,3,4,960,12
1,4.29,64.35,64.35,5,3,4,600,6
1,8.05,120.76,160.61,5,3,0,570,1
1,3.49,57.19,77.06,5,3,1,630,3
1,7.48,112.25,149.29,5,3,0,420,2
1,6.29,94.42,64.35,5,3,3,420,8
1,2.22,45.48,63.23,5,3,0,645,1
1,0.05,25.35,36.35,5,3,0,820,1
1,0.04,25.35,36.35,5,3,0,920,1
1,8.04,120.61,160.41,5,3,0,420,3
1,0,25.35,36.35,5,3,0,420,1
1,0.03,25.35,36.35,5,3,0,1155,1
1,7.73,115.99,154.27,5,3,0,570,1
1,6.31,94.69,125.93,5,3,5,540,1
1,8.11,121.64,161.79,5,3,11,840,1
1,8.05,120.77,160.63,5,3,12,840,6
1,6.31,94.62,125.84,5,3,1,960,1
1,4.49,67.41,89.65,5,3,1,585,2
1,8,120,157.01,4,3,0,270,1
1,4.07,61.07,81.22,5,3,0,645,3
1,5.92,88.82,118.13,5,3,3,960,4
1,0.04,25.35,36.35,5,3,0,1030,1
1,2.45,48.16,66.67,5,3,2,660,4
1,4.13,61.93,61.77,1,3,7,960,12
1,0.04,25.35,36.35,5,3,0,1150,1
1,6.77,101.62,135.16,5,3,1,840,2
1,3.44,57,76.8,5,3,0,1050,1
1,3.03,53.82,73.38,5,3,0,660,4
1,5.67,85,113.05,5,3,1,1465,3
1,4.44,66.57,88.54,5,3,5,390,2
1,0.03,25.35,36.35,5,3,0,910,1
1,4.34,65.16,86.66,4,3,2,480,3
1,0.06,25.35,36.35,5,3,0,1065,1
1,3.29,55.82,75.74,5,3,3,645,1
1,4,60.02,79.83,5,3,0,1050,1
1,4.51,67.65,67.39,5,3,0,1440,4
1,6.93,104.02,138.35,3,3,2,805,3
1,8.83,132.44,176.15,5,3,1,900,4
1,6.62,99.37,132.16,5,3,2,570,8
1,4.23,63.48,84.43,5,3,7,1030,13
1,7.6,114.02,151.64,5,3,0,565,1
1,7.4,111.06,147.71,5,3,2,450,6
1,7.74,116.12,154.43,5,3,0,450,1
1,5.43,81.42,108.28,5,3,1,960,2
1,5.38,80.76,107.41,5,3,0,780,1
1,5.32,79.75,106.07,5,3,0,540,1
1,0.04,25.35,36.35,5,3,0,880,1
1,7.64,114.54,152.34,5,3,0,420,1
1,7.9,118.5,157.6,5,3,0,570,1
1,2.09,43.77,61.01,3,3,0,660,1
1,7.59,113.8,151.36,5,3,3,420,6
1,0.04,25.35,36.35,5,3,0,850,1
1,8.15,122.18,162.49,5,3,0,570,1
1,5.17,77.52,103.1,5,3,0,1470,1
1,6.89,103.35,137.45,5,3,1,420,3
1,2.97,53.4,35.45,5,3,2,660,7
1,4,60,79.8,5,3,1,600,4
1,2.53,49.07,67.66,5,3,1,660,4
1,5.94,89.14,118.56,5,3,1,650,9
1,2.13,44.3,0,5,3,4,690,9
1,7.75,116.23,154.59,5,3,0,960,1
1,6.64,99.65,132.54,4,3,0,960,3
1,4.94,74.1,98.56,3,3,8,1440,16
1,5,74.94,99.68,4,3,0,900,3
1,4.88,73.25,97.42,5,3,1,600,10
1,3.14,54.85,74.34,5,3,0,1050,1
1,4.02,60.23,80.1,5,3,0,780,6
1,2.05,43.22,60.33,5,3,0,660,1
1,5.5,82.47,109.69,5,3,2,570,6
1,2.95,53.14,72.63,4,3,0,960,1
1,3.28,55.79,75.65,5,3,3,660,7
1,8.22,123.25,163.92,5,3,0,390,1
1,7.64,114.62,152.45,5,3,0,390,3
1,3.98,59.86,79.75,5,3,1,1020,2
1,0.06,25.35,36.35,5,3,0,945,1
1,5.35,80.32,106.82,5,3,2,930,4
1,5.56,83.35,110.86,5,3,0,660,1
1,2.23,45.59,63.32,5,3,7,690,11
1,2.25,45.81,63.7,5,3,3,690,5
1,7.5,112.5,149.63,1,3,0,480,1
1,4.5,67.5,89.78,5,3,0,960,1
1,5.15,77.27,62.03,5,3,0,960,1
1,7.79,116.79,155.33,5,3,1,375,3
1,3.45,56.94,76.79,5,3,2,630,8
1,0.03,25.35,36.35,5,3,0,1010,1
1,8.25,123.76,164.6,5,3,0,420,3
1,2.73,51.12,70.25,5,3,3,1110,11
1,0,25.35,36.35,5,3,0,1005,1
1,6.96,104.42,138.88,5,3,0,960,1
1,3.29,55.82,75.75,2,3,3,960,7
1,4.78,71.77,95.46,5,3,6,420,1
1,4.49,67.35,89.58,5,3,0,630,1
1,6.98,104.67,139.21,5,3,3,630,11
1,4.82,72.33,96.2,5,3,2,960,5
1,8.07,120.98,160.91,5,3,0,390,1
1,3.55,57.63,77.49,5,3,2,660,4
1,1.69,38,53.57,5,3,0,690,1
1,7.04,105.65,140.51,5,3,6,480,7
1,2.05,43.16,60.34,5,3,1,645,6
1,3.16,54.94,74.51,5,3,0,660,1
1,8.01,120.2,159.86,5,3,0,360,1
1,3.36,56.3,76.13,5,3,5,960,9
1,7.39,110.92,147.52,5,3,0,960,5
1,7.07,106.03,141.01,5,3,0,960,1
1,3.93,59.76,79.61,5,3,3,630,12
1,7.87,117.98,156.91,5,3,1,540,3
1,8.25,123.82,164.68,5,3,0,540,3
1,6.31,94.68,125.92,5,3,2,480,1
1,11.61,174.19,231.67,4,3,4,480,7
1,3,53.63,73.11,5,3,4,660,13
1,3.8,60,79.8,5,3,3,540,4
1,7.98,119.77,159.3,4,3,0,480,5
1,5.66,84.87,112.88,5,3,5,990,6
1,3.91,59.68,79.44,3,3,0,1050,2
1,2.88,52.61,71.93,5,3,2,660,10
1,4.03,60.44,80.39,5,3,0,630,2
1,6.11,91.69,121.94,5,3,0,900,2
1,3,53.55,73.05,5,3,2,630,5
1,8.03,120.41,160.14,3,3,1,480,6
1,6.18,92.68,123.26,4,3,0,690,7
1,6.01,90.08,119.81,3,3,0,420,2
1,5.41,81.17,107.96,5,3,0,600,1
1,4.91,73.7,98.02,5,3,4,780,8
1,5.08,76.22,101.37,5,3,0,780,1
1,8.29,124.37,165.41,5,3,0,480,1
1,7.98,119.71,159.21,4,3,0,480,1
1,0.07,60,79.8,5,3,0,1495,1
1,0.05,60,79.8,5,3,0,840,1
1,5.14,77.12,102.57,5,3,1,930,4
1,7.04,105.6,140.45,4,3,3,900,2
1,5.13,76.92,102.3,5,3,1,990,4
1,5.08,76.26,101.43,5,3,1,990,1
1,5.58,83.77,111.41,5,3,1,990,2
1,5.33,79.89,106.25,5,3,1,990,4
1,4.97,74.57,72.77,5,3,2,960,5
1,4.25,63.75,84.79,5,3,1,790,3
1,4.27,64.1,85.26,5,3,5,840,7
1,8.05,120.68,160.5,4,3,0,555,1
1,5.05,75.78,100.79,2,3,4,960,5
1,3.03,53.79,73.33,5,3,7,645,9
1,0.04,60,79.8,5,3,0,1170,1
1,5.91,88.69,117.96,5,3,1,900,2
1,2.86,52.35,71.66,5,3,5,660,11
1,3.42,56.72,76.53,5,3,0,660,2
1,3.81,60,79.8,5,3,4,960,6
1,0.02,25.35,36.35,5,3,0,850,1
1,2.42,47.87,66.13,5,3,3,990,5
1,0,60,79.8,5,3,0,1310,1
1,8.3,124.47,165.55,5,3,0,540,1
1,8.55,128.3,170.63,5,3,0,540,1
1,8.02,120.27,159.95,5,3,0,540,1
1,0.02,53.55,73.05,5,3,0,790,1
1,6.81,102.19,135.92,5,3,0,900,1
1,0.02,60,79.8,5,3,0,1135,1
1,3.68,60,79.8,5,3,0,960,1
1,9.03,135.51,180.23,4,3,2,840,1
1,9,135,179.55,4,3,2,840,1
1,1.1,53.55,73.05,5,3,2,1080,7
1,4.15,62.23,82.77,5,3,0,540,4
1,2.96,53.55,73.05,5,3,0,660,1
1,0.02,53.55,73.05,5,3,0,865,1
1,6.66,99.9,132.87,5,3,6,1020,1
1,3.78,60,79.8,5,3,0,1020,1
1,6.27,94.08,125.13,5,3,0,480,1
1,0.02,53.55,73.05,5,3,0,1485,1
1,4,59.94,79.72,4,3,0,570,2
1,5.88,88.26,117.38,5,3,6,900,1
1,6.08,91.26,121.37,5,3,6,900,11
1,0.02,53.55,73.05,5,3,0,1025,1
1,0.02,60,79.8,5,3,0,1030,1
1,3.99,59.89,79.86,5,3,0,660,1
1,4.28,64.27,85.47,5,3,0,1020,2
1,3.76,60,79.8,5,3,0,1020,2
1,6.75,101.25,134.66,5,3,0,1470,2
1,0.02,60,79.8,5,3,0,790,1
1,0.02,60,79.8,5,3,0,1005,1
1,0.02,60,79.8,5,3,0,1025,1
1,0,25.35,36.35,5,3,16,540,6
1,6.02,90.34,120.16,3,3,13,660,5
1,0.02,60,79.8,5,3,0,1045,1
1,4.16,62.42,83.01,5,3,19,540,12
1,6.22,93.34,124.14,5,3,0,1440,14
1,6.49,97.35,129.48,5,3,0,900,2
1,0.02,53.55,73.05,5,3,0,965,1
1,3.98,60,79.8,5,3,0,1050,2
1,5,75,99.75,5,3,3,600,11
1,4.27,64,85.12,5,3,0,1110,3
1,8.45,126.73,168.55,5,3,0,900,1
1,0.03,60,79.8,5,3,0,1480,1
1,2.91,53.55,73.05,5,3,2,660,8
1,3.72,58.69,78.56,5,3,0,990,1
1,4.55,68.19,90.69,5,3,0,1440,3
1,3.92,60,59.5,5,3,0,600,1
1,4,60,79.8,5,3,1,450,3
1,6.5,97.46,129.63,5,3,2,480,4
1,4.03,60.46,80.41,5,3,1,990,3
1,5.25,78.68,104.65,5,3,1,960,1
1,6.33,94.96,126.29,5,3,2,650,5
1,0.01,60,79.8,5,3,0,1485,1
1,0.03,25.35,36.35,5,3,0,940,1
1,0.02,60,79.8,5,3,0,1000,1
1,0.08,60,79.8,5,3,0,1060,1
1,4.42,66.28,88.15,0,1,0,990,1
1,0.03,53.55,73.05,5,3,0,790,1
1,4,60,79.8,5,3,0,870,1
1,4.04,60.56,80.55,5,3,1,660,2
1,4.14,62.04,82.52,5,3,1,660,2
1,4.02,60.35,80.26,5,3,6,660,1
1,4.35,65.19,86.71,5,3,6,660,1
1,3.98,60,79.8,5,3,6,660,1
1,4.38,65.74,87.43,5,3,6,660,3
1,4.15,62.26,82.8,5,3,2,1440,1
1,5.41,81.12,107.88,3,3,2,1050,1
1,7.04,105.54,140.37,5,3,4,960,2
1,7.82,117.36,156.08,5,3,0,900,1
1,5.87,88.04,117.09,5,3,0,420,5
1,3.69,60,79.8,5,3,0,540,2
1,4.69,70.38,93.61,3,3,1,990,3
1,5.16,77.35,102.87,5,3,1,990,2
1,4.48,67.27,89.47,4,3,0,990,5
1,4.51,67.62,89.94,3,3,0,990,1
1,5.04,75.54,100.47,5,3,0,1440,3
1,7.38,110.65,147.16,5,3,0,945,1
1,0.02,60,79.8,5,3,1,965,2
1,0.02,60,79.8,5,3,0,1025,1
1,0.02,60,79.8,5,3,0,1145,1
1,7,105.07,139.74,5,3,10,1020,3
1,7.77,116.53,154.98,5,3,0,540,3
1,0.03,60,79.8,5,3,0,1235,1
1,7.24,108.66,144.52,5,3,1,960,3
1,3.34,56.23,76.08,5,3,0,660,1
1,4.6,69.06,91.85,5,3,0,1440,1
1,7.83,117.51,156.28,5,3,0,900,1
1,0,60,79.8,5,3,0,833,1
1,6.33,95.02,126.38,5,3,3,600,1
1,5.92,88.87,118.19,5,3,3,600,1
1,5.76,86.39,114.9,5,3,3,600,3
1,3,53.55,73.05,5,3,1,660,1
1,6.41,96.16,127.89,5,3,1,420,2
1,0.02,60,79.8,5,3,0,1481,1
1,5.52,82.84,110.18,5,3,0,600,1
1,5.62,84.29,112.1,5,3,6,540,1
1,5.93,88.94,118.29,5,3,1,1020,1
1,4.45,66.75,88.78,5,3,3,600,1
1,6.3,94.55,125.75,5,3,6,1050,6
1,0.07,60,79.8,5,3,0,1480,1
1,2.3,48.75,67.25,5,3,1,660,5
1,5.12,76.74,102.07,5,3,1,600,3
1,8.15,122.22,162.55,5,3,0,900,5
1,3.13,54.58,74.29,5,3,1,1050,6
1,7.92,118.77,157.97,5,3,0,480,1
1,5.03,75.42,100.3,5,3,1,600,3
1,6.16,92.46,122.97,4,3,3,960,11
1,7.31,109.64,145.82,5,3,0,960,1
1,4.45,66.8,88.84,5,3,0,600,1
1,0.05,60,79.8,5,3,0,820,1
1,0.02,60,79.8,5,3,0,913,1
1,0.02,60,79.8,5,3,0,944,1
1,2.6,49.74,68.57,5,3,1,660,2
1,3.04,54.04,73.53,3,3,1,1440,8
1,7.22,108.25,143.97,5,3,0,960,5
1,4.15,62.28,82.83,5,3,1,660,3
1,7.97,119.53,158.98,5,3,0,900,1
1,8,120,159.6,5,3,4,900,16
1,6.29,94.4,125.56,4,3,7,1020,1
1,3.95,59.84,79.59,5,3,0,630,4
1,2.71,51,69.98,5,3,1,660,3
1,0.03,60,79.8,5,3,0,1005,1
1,11.47,172.02,228.78,5,3,16,900,22
1,6.17,92.51,123.04,5,3,10,900,19
1,9.29,139.37,185.36,5,3,1,900,2
1,0.04,60,79.8,5,3,0,1154,1
1,0.09,60,79.8,5,3,0,985,1
1,7.7,115.48,0,0,1,2,1440,5
1,11.01,165.09,219.57,5,3,1,960,6
1,8.17,122.62,163.08,5,3,0,960,1
1,7.5,112.5,149.63,5,3,15,900,36
1,0.05,60,79.8,5,3,0,1484,1
1,4.81,72.14,95.95,5,3,3,930,8
1,7.94,119.16,158.48,5,3,25,930,7
1,2.88,52.51,71.78,5,3,3,780,6
1,2.81,51.9,71.12,5,3,3,780,4
1,4.84,72.56,96.5,5,3,2,960,5
1,7.61,114.12,151.78,5,3,1,960,6
1,0.03,60,79.8,5,3,0,1490,1
1,4.4,65.95,0,5,3,2,930,5
1,10.11,151.65,201.69,5,3,20,870,8
1,4.13,61.93,82.36,4,3,14,1470,32
1,0.02,60,79.8,5,3,0,1155,1
1,6.76,101.45,134.93,5,3,10,960,1
1,9,134.99,179.54,5,3,1,900,6
1,6.03,90.42,80.4,5,3,1,600,5
1,4.35,65.2,86.71,5,3,0,1440,1
1,0.04,60,79.8,5,3,0,1492,1
1,0.05,60,79.8,5,3,0,976,1
1,5.34,80.05,106.46,5,3,18,870,28
1,4.04,60.66,80.68,5,3,0,1080,1
1,7.04,105.65,140.52,5,3,3,780,9
1,4.19,62.85,83.59,5,3,0,780,1
1,8.45,126.74,168.57,4,3,1,1440,3
1,5.87,88.08,117.14,5,3,1,540,4
1,6,90,119.7,5,3,1,540,3
1,8.05,120.7,160.53,5,3,10,540,23
1,3.93,60,79.8,5,3,1,695,6
1,4.15,62.28,82.83,5,3,2,1020,3
1,4.3,64.47,85.74,5,3,0,1140,1
1,4.17,62.57,83.22,5,3,0,1140,1
1,2.83,52.13,71.4,5,3,0,660,1
1,0,25.35,36.35,5,3,0,1080,1
1,6.7,100.54,133.72,5,3,0,480,7
1,0.04,60,79.8,5,3,0,977,1
1,2.17,48.75,67.25,5,3,0,660,1
1,2.55,49.28,67.88,5,3,2,660,5
1,2.61,49.99,68.79,5,3,2,660,3
1,5.78,86.68,115.29,5,3,0,1440,1
1,0.04,60,79.8,5,3,0,988,1
1,9.21,138.21,183.82,5,3,1,420,6
1,6.16,92.35,122.82,5,3,0,540,1
1,4.45,66.73,88.75,5,3,0,930,2
1,8.16,122.46,162.87,5,3,10,900,27
1,4,60.02,79.83,5,3,1,645,2
1,4.04,60.64,80.66,1,3,1,660,2
1,3.96,60,79.8,1,3,4,1080,11
1,5,75.07,99.85,3,3,0,1080,1
1,0.03,60,79.8,5,3,0,1484,1
1,9.97,149.55,198.9,5,3,2,795,5
1,0.03,60,79.8,5,3,0,969,1
1,2.71,53.55,73.05,5,3,5,660,9
1,8.01,120.2,159.87,5,3,3,540,7
1,8.01,120.2,159.86,5,3,7,540,16
1,3.2,60,79.8,5,3,5,635,19
1,0.04,60,79.8,5,3,0,1484,1
1,5.44,81.55,108.46,5,3,0,780,1
1,7.83,117.46,156.22,5,3,1,405,11
1,0.05,60,79.8,5,3,0,977,1
1,0.05,60,79.8,5,3,0,978,1
1,8.23,123.47,164.21,5,3,7,1020,2
1,5.69,85.41,113.6,5,3,7,1020,5
1,3.84,60,79.8,5,3,4,540,10
1,4.19,62.87,83.61,5,3,1,540,10
1,6,90,119.7,5,3,10,900,15
1,3.99,60,79.8,5,3,0,1080,1
1,6,90.03,119.74,5,3,2,660,6
1,10.09,151.34,201.28,5,3,0,900,3
1,4.44,66.67,88.67,5,3,1,810,4
1,3.96,60,79.8,5,3,0,600,1
1,4.93,73.89,98.27,5,3,6,1020,16
1,0.11,60,79.8,5,3,0,1495,1
1,6.51,97.61,129.82,5,3,3,600,2
1,7.06,105.95,140.91,5,3,3,600,1
1,6.99,104.9,139.52,5,3,3,600,2
1,6.63,99.44,132.26,5,3,3,600,5
1,6,90.04,119.76,5,3,1,660,3
1,3.27,60,79.8,5,3,0,780,1
1,0.04,60,79.8,5,3,0,981,1
1,0.04,60,79.8,5,3,0,982,1
1,7,104.93,139.56,5,3,0,480,1
1,6.12,91.77,122.06,5,3,0,480,1
1,5.79,86.92,115.6,5,3,3,960,5
1,0.01,60,79.8,5,3,0,1181,1
1,3.54,60,79.8,5,3,20,875,6
1,4.51,67.58,89.89,5,3,4,660,3
1,3.47,60,79.8,5,3,4,660,11
1,8.21,123.15,163.8,5,3,9,420,16
1,9.06,135.88,180.72,4,3,4,660,4
1,5.01,75.18,100,5,3,7,420,1
1,7.65,114.68,152.52,5,3,7,420,1
1,0.02,60,79.8,5,3,0,75,1
1,20.92,313.74,417.28,5,3,2,900,6
1,7.49,112.37,149.45,5,3,0,540,2
1,7.47,112.03,148.99,5,3,0,540,2
1,4.02,60.23,80.11,5,3,5,1050,4
1,5.11,76.61,101.9,5,3,5,1050,3
1,4.51,67.59,89.89,5,3,5,1050,6
1,4.95,74.3,98.82,5,3,5,810,11
1,2.7,50.92,69.83,5,3,0,660,2
1,8.04,120.54,160.32,5,3,14,360,32
1,5.09,76.36,101.55,4,3,1,480,1
1,4,60.04,79.85,5,3,6,1050,11
1,0.05,60,79.8,5,3,0,980,1
1,8.72,130.87,174.06,5,3,12,1050,26
1,4.09,61.41,81.67,5,3,12,1050,9
1,7.91,118.66,157.82,5,3,12,360,41
1,3.83,60,79.8,5,3,1,1170,6
1,0.02,60,79.8,5,3,0,1155,1
1,0.06,25.35,36.35,5,3,0,1155,1
1,11.61,174.17,231.65,5,3,1,1440,2
1,4,60.02,79.83,5,3,1,1380,10
1,4.02,60.31,80.22,5,3,0,900,1
1,5.36,80.38,106.91,5,3,2,540,8
1,3.96,60,79.8,3,3,12,660,15
1,0.04,60,79.8,5,3,0,1484,1
1,0.01,60,79.8,5,3,0,974,1
1,6.66,99.83,132.77,3,3,18,645,21
1,5.58,83.65,111.26,5,3,0,570,2
1,4.37,65.57,87.21,5,3,5,790,3
1,3.85,60,79.8,5,3,5,790,12
1,4.05,60.77,80.82,5,3,5,390,18
1,4.08,61.19,81.38,5,3,0,660,6
1,8.21,123.19,163.84,5,3,4,900,6
1,5.95,89.2,118.64,0,1,0,960,2
1,5.39,80.89,107.59,4,3,6,540,9
1,5.43,81.51,108.41,5,3,6,540,9
1,4.29,64.37,85.61,5,3,0,540,1
1,0.03,60,79.8,0,1,0,973,1
1,7.88,118.17,157.17,5,3,18,420,47
1,7.82,117.24,155.93,5,3,1,420,3
1,8.05,120.69,160.52,5,3,2,420,3
1,6.86,102.91,136.88,5,3,4,420,13
1,6.44,96.59,128.46,5,3,0,360,1
1,5.04,75.6,100.55,5,3,0,540,5
1,10.36,155.4,206.68,5,3,5,900,16
1,6.44,96.56,128.42,5,3,0,900,2
1,6.68,100.2,133.27,5,3,9,1020,9
1,7.15,107.23,142.61,5,3,9,1020,5
1,6.69,100.34,133.46,5,3,9,1020,8
1,7.13,106.91,142.19,4,3,11,420,36
1,8.54,128.05,170.3,5,3,2,570,5
1,3.13,57.23,77.18,5,3,0,645,3
1,3.92,60,79.8,5,3,1,630,8
1,8.24,123.55,164.33,5,3,5,450,7
1,7.97,119.48,158.91,5,3,1,570,6
1,0.04,60,79.8,0,1,0,974,1
1,0.04,60,79.8,0,1,0,1154,1
1,0.05,60,79.8,0,1,0,1489,1
1,8.31,124.7,165.86,2,3,20,480,78
1,8.02,120.34,160.05,5,3,0,450,1
1,0.03,60,79.8,0,1,0,978,1
1,0.03,60,79.8,0,1,0,978,1
1,3.83,59.23,79.16,5,3,8,1025,42
1,3.87,60,79.8,5,3,1,690,7
1,3.95,60,0,0,1,10,1440,4
1,4.15,62.29,82.85,5,3,0,1080,1
1,8.22,123.36,164.06,5,3,27,420,35
1,8.58,128.7,171.18,5,3,1,930,4
1,0.02,60,79.8,0,1,0,975,1
1,0.15,60,79.8,5,3,4,540,13
1,7.23,108.41,144.19,5,3,1,900,3
1,8.59,128.86,171.39,5,3,11,900,33
1,8.04,120.63,160.44,5,3,0,900,3
1,3.95,60,79.8,5,3,0,1080,1
1,5.01,75.09,99.87,5,3,2,1080,6
1,7.26,108.92,144.86,5,3,2,1015,11
1,6.86,102.87,136.82,4,3,0,480,4
1,4.47,67.04,89.16,5,3,9,1440,33
1,6.85,102.74,136.65,5,3,3,540,15
1,8.06,120.89,160.79,5,3,5,540,18
1,8.09,121.41,161.47,5,3,2,540,9
1,4.39,65.79,87.51,5,3,0,600,1
1,5.85,87.75,79.12,5,3,0,540,1
1,0.04,60,79.8,0,1,0,1495,1
1,7.17,107.62,143.13,5,3,0,480,1
1,6.44,96.55,128.41,5,3,5,1020,13
1,5.91,88.6,117.84,5,3,1,540,3
1,2.54,49.23,67.93,5,3,1,660,3
1,2.97,53.38,72.86,5,3,1,660,4
1,0.05,60,79.8,0,1,0,1484,2
1,4.19,62.82,83.55,5,3,0,600,1
1,0.04,60,79.8,0,1,0,978,1
1,7.93,118.98,158.24,5,3,0,480,1
1,0.03,60,79.8,0,1,0,1166,1
1,4.37,65.56,87.2,5,3,0,600,1
1,4.75,71.24,94.75,4,3,3,1080,9
1,3.96,60,79.8,5,3,0,360,8
1,7.34,110.1,146.43,5,3,5,480,8
1,0.04,60,79.8,0,1,0,1008,1
1,9,135,179.55,5,3,14,960,2
1,0,60,79.8,0,1,0,1155,1
1,3.88,60,79.8,5,3,0,1050,1
1,4,60,79.8,5,3,0,1080,1
1,5.6,83.96,111.67,5,3,0,540,1
1,3.49,0,20,0,cancelled_Employer,3,900,2
1,8.07,121.03,160.97,5,3,3,900,10
1,7.73,115.96,78.52,5,3,3,960,9
1,0.03,60,79.8,0,1,0,975,1
1,8.11,121.62,161.76,5,3,1,390,10
1,0.13,60,79.8,0,1,0,1158,1
1,4.17,62.59,83.24,5,3,1,1020,4
1,8.1,121.52,161.63,5,3,0,900,5
1,8.12,121.84,162.04,5,3,2,900,8
1,7.47,112.09,149.08,5,3,6,480,26
1,0.03,60,79.8,0,1,0,1483,1
1,3.37,60,79.8,5,3,0,600,1
1,6.51,97.7,129.94,5,3,0,480,6
1,4.39,65.84,87.57,5,3,1,785,10
1,8.09,121.42,161.49,5,3,7,900,18
1,2.47,48.43,66.97,5,3,0,840,1
1,2.63,50.03,68.94,3,3,0,660,1
1,8.26,123.85,164.73,5,3,0,390,1
1,4.08,61.15,81.33,3,3,0,570,5
1,4.79,71.9,95.62,4,3,1,570,5
1,8.4,126.01,167.59,5,3,0,360,2
1,0.06,60,79.8,0,1,0,990,1
1,3.09,54.45,73.93,4,3,0,660,1
1,7.05,105.81,140.72,5,3,1,480,20
1,4.02,60.37,80.3,5,3,0,1080,1
1,10.62,159.35,211.94,5,3,0,900,2
1,5.09,76.34,101.53,5,3,0,540,1
1,3.87,60,79.8,5,3,0,600,2
1,7.24,108.66,144.52,5,3,0,900,2
1,8.33,108.24,166.1,5,3,14,900,49
1,6.06,90.88,120.87,5,3,5,570,28
1,6.83,102.52,136.35,5,3,5,570,37
1,7.85,117.68,156.51,5,3,2,390,35
1,5.04,75.65,100.62,5,3,0,540,1
1,2.5,48.75,67.25,5,3,0,660,2
1,3.05,53.95,73.61,5,3,0,1440,6
1,3.84,60,79.8,5,3,0,1080,2
1,8.41,126.14,167.77,5,3,5,960,18
1,4.95,74.28,79.59,4,3,3,1440,11
1,4.09,61.34,81.58,5,3,0,785,5
1,7.93,119.01,158.28,5,3,11,480,31
1,5.11,76.64,101.93,5,3,2,600,9
1,5.82,87.24,116.03,5,3,7,990,1
1,5.61,84.16,111.94,5,3,7,990,4
1,8.37,125.52,166.94,0,1,1,900,3
1,5.91,88.69,117.96,5,3,1,840,4
1,4.05,60.79,80.85,5,3,0,1080,1
1,4.42,66.35,88.24,5,3,7,570,58
1,5.17,77.51,103.09,5,3,1,780,18
1,6.49,97.31,129.42,5,3,0,420,8
1,8.36,125.44,126.88,5,3,0,420,5
1,5.29,79.4,105.6,5,3,0,540,1
1,3.18,60,79.8,4,3,4,540,23
1,4.55,68.25,90.77,5,3,1,990,10
1,4.24,63.54,84.51,5,3,0,660,3
1,5.46,81.86,108.87,5,3,0,1440,2
1,5.8,87.06,115.8,5,3,0,595,7
1,1.85,42.6,59.5,5,3,1,700,6
1,3.99,60,79.8,5,3,0,600,2
1,5.09,76.42,101.63,5,3,4,960,16
1,4.38,65.77,87.48,5,3,2,1465,13
1,4.11,61.61,81.94,5,3,1,600,3
1,3.26,55.68,75.37,1,3,0,630,4
1,7.89,118.29,157.33,5,3,0,540,1
1,6.79,101.78,135.37,5,3,0,480,4
1,5.8,86.99,115.69,5,3,0,1050,4
1,8.27,124.1,125.09,5,3,2,360,11
1,4.74,71.16,94.64,5,3,4,1445,32
1,4.34,65.1,86.59,5,3,0,1470,6
1,7.04,105.53,140.35,5,3,0,420,12
1,1.42,60,79.8,5,3,5,960,9
1,4.88,73.19,97.34,5,3,0,1440,3
1,6,90,119.7,1,3,2,900,8
1,4.31,64.6,85.92,5,3,0,900,7
1,7.8,116.95,155.55,5,3,0,900,2
1,7.13,106.89,142.17,5,3,1,480,6
1,3.01,60,79.8,5,3,2,600,9
1,2.78,51.55,70.73,5,3,3,660,6
1,3.14,54.72,74.32,5,3,0,630,4
1,6.7,100.47,133.63,5,3,1,420,5
1,4.43,66.51,88.46,4,3,0,630,1
1,0,48.75,67.25,5,3,1,660,8
1,4.04,60.54,80.52,5,3,0,360,3
1,4.36,65.45,87.05,5,3,7,990,2
1,6.74,101.09,134.44,5,3,0,480,1
1,3.68,58.33,78.2,5,3,1,630,5
1,4.32,64.84,86.24,5,3,0,660,5
1,2.56,49.38,68.05,5,3,0,660,2
1,1.89,53.55,73.05,5,3,2,680,6
1,5.13,66.71,102.38,4,3,4,560,23
1,8.11,121.61,161.75,5,3,0,450,1
1,8.05,120.79,160.66,5,3,0,360,1
1,3.24,55.59,42.97,5,3,1,600,11
1,6.84,102.63,136.5,5,3,1,960,6
1,7.46,111.97,148.92,5,3,0,870,8
1,9.83,147.44,196.09,5,3,1,810,2
1,4.32,60.48,86.18,5,3,2,990,6
1,6.68,100.22,133.3,5,3,0,900,1
1,9.55,143.23,190.49,5,3,0,900,4
1,7.52,112.86,150.1,5,3,0,390,3
1,5.39,80.81,107.48,5,3,2,660,9
1,4.33,64.9,86.31,5,3,1,1020,6
1,5.01,75.1,99.89,5,3,0,990,1
1,5.63,84.41,112.26,5,3,1,540,5
1,10.7,160.47,213.43,5,3,0,900,3
1,3.3,60,79.8,5,3,0,1080,3
1,9.29,139.29,185.26,5,3,0,900,2
1,7.14,107.08,142.41,5,3,2,600,14
1,5.05,75.75,100.74,5,3,0,600,1
1,6.84,102.56,136.4,5,3,0,420,1
1,4.88,73.26,97.44,5,3,0,660,6
1,5.92,88.82,118.13,5,3,1,840,3
1,3.07,60,79.8,5,3,1,480,14
1,6.03,90.43,120.27,5,3,7,540,26
1,6.2,93.07,123.78,5,3,0,540,1
1,2.03,42.93,59.98,5,3,6,480,33
1,7.23,108.49,144.29,5,3,8,420,56
1,11.18,167.71,223.06,5,3,1,900,6
1,7.04,105.55,140.38,5,3,2,900,12
1,2.25,45.79,10.55,5,3,0,660,4
1,3.21,55.25,75,5,3,0,1440,5
1,5.48,82.17,109.29,5,3,0,780,1
1,11.68,175.26,233.1,5,3,0,780,1
1,4.06,60.93,81.04,4,3,3,630,21
1,3.25,57.23,77.18,5,3,1,630,6
1,3.68,58.44,78.29,5,3,1,630,4
1,7.68,115.17,153.17,5,3,2,480,14
1,3.06,60,79.8,5,3,0,630,2
1,8.01,120.13,159.77,5,3,2,390,13
1,7.83,117.52,156.3,5,3,1,390,5
1,7.91,118.72,157.89,5,3,0,390,8
1,4.21,63.12,8.94,5,3,2,630,9
1,4.78,71.71,95.37,5,3,0,1080,1
1,8.59,111.63,171.31,5,3,4,1470,12
1,8.09,121.29,161.32,5,3,4,1470,22
1,8.22,123.3,84.19,5,3,2,1470,11
1,8.27,124.11,165.07,5,3,0,1470,1
1,4.67,70.02,93.13,5,3,3,540,19
1,5.79,81.04,115.48,5,3,11,1470,19
1,5.31,79.61,105.88,5,3,0,980,4
1,8.09,121.28,161.3,5,3,0,450,1
1,7.17,100.33,142.97,4,3,0,420,13
1,6.67,100.05,133.07,5,3,4,660,13
1,6.29,94.35,125.48,5,3,4,660,1
1,5.58,83.73,111.35,5,3,4,960,30
1,8.05,104.68,160.64,3,3,1,420,6
1,7.98,119.69,159.19,5,3,1,450,7
1,7.84,117.55,156.34,5,3,0,390,1
1,4.43,66.43,88.35,5,3,4,630,10
1,5.57,83.59,111.17,5,3,0,540,1
1,7.94,119.12,174.32,5,3,0,570,0
1,7.69,115.38,168.83,5,3,0,570,0
1,7.78,116.74,170.82,5,3,0,570,0
1,7.69,115.39,153.47,5,3,0,570,0
1,8,120,159.6,5,3,0,570,0
1,8,120,159.6,5,3,0,570,0
1,3.92,59.53,79.51,5,3,0,420,11
1,2.38,47.34,0,5,3,0,660,3
1,4.08,61.14,81.32,5,3,1,1480,8
1,2.49,48.63,57.13,5,3,1,660,9
1,2.59,49.82,68.51,5,3,0,660,3
1,8,120,159.6,5,3,25,900,87
1,6.85,102.69,136.57,5,3,1,870,2
1,5.68,79.53,113.33,5,3,0,390,11
1,7.72,115.84,154.07,5,3,1,390,9
1,6.97,104.52,139.01,5,3,0,420,1
1,7.67,115.1,153.09,5,3,0,450,1
1,7.82,117.24,155.93,4,3,2,450,9
1,6.99,104.88,139.49,5,3,2,540,20
1,6.34,95.1,126.48,5,3,1,420,9
1,8.01,120.14,159.79,5,3,0,840,5
1,4.24,63.59,84.57,5,3,5,955,16
1,8.56,128.4,170.77,5,3,10,840,8
1,4.62,69.3,92.17,5,3,5,1080,21
1,3.62,56,79.8,5,3,0,630,3
1,5.05,75.73,100.72,5,3,0,540,1
1,2.67,53.55,73.05,5,3,0,660,8
1,6.49,97.28,129.38,5,3,2,420,13
1,7.97,119.58,159.04,5,3,3,420,6
1,5.38,80.71,107.34,5,3,0,540,1
1,2.78,51.63,70.83,5,3,4,660,15
1,6.9,103.5,151.45,5,3,2,570,8
1,4.44,66.66,88.66,5,3,13,630,41
1,8.46,126.89,168.76,5,3,6,480,19
1,8.23,123.38,164.1,5,3,5,480,18
1,10.12,151.75,201.83,5,3,1,420,4
1,4.12,61.87,82.28,4,3,9,1080,32
1,7.88,118.17,157.17,5,3,1,480,8
1,5.04,75.6,110.63,5,3,0,570,1
1,5.45,87.15,125.01,5,3,0,960,2
1,8.37,125.48,166.89,5,3,0,1470,1
1,7.61,114.22,151.91,5,3,9,1470,57
1,8.44,126.54,168.3,5,3,6,1470,13
1,8.11,121.58,161.7,5,3,0,960,1
1,4.05,60.69,88.8,5,3,0,870,1
1,4,60.04,87.86,5,3,6,690,18
1,4.11,61.69,82.05,5,3,0,990,5
1,8.99,134.81,179.3,5,3,15,960,69
1,7.06,105.9,154.97,5,3,15,960,46
1,7.04,105.62,154.56,5,3,15,960,45
1,3.94,60,87.8,5,3,0,690,16
1,8.11,121.69,161.85,5,3,3,420,9
1,8.45,126.74,168.57,5,3,0,480,1
1,4.86,72.88,106.65,5,3,0,690,7
1,5.78,86.66,126.81,5,3,4,690,59
1,2.97,53.55,80.4,5,3,1,660,8
1,2.96,60,79.8,5,3,1,660,4
1,3.5,60,87.8,5,3,3,660,14
1,7.24,108.59,158.9,5,3,1,420,5
1,7.95,119.19,174.42,5,3,0,570,0
1,4.37,65.5,87.12,5,3,2,570,10
1,8.46,118.48,185.75,4,3,1,1470,8
1,6.1,79.35,115.66,5,3,1,870,2
1,4.37,61.21,87.23,5,3,0,570,7
1,5.34,80.07,106.49,5,3,0,600,1
1,2.56,49.32,74.87,5,3,0,660,3
1,1.62,42.6,65.5,5,3,13,690,1
1,1.62,42.6,65.5,5,3,13,690,31
1,5.47,82.03,77.03,5,3,7,960,53
1,3.42,53.08,84.25,5,3,5,1140,14
1,2.4,45.5,74,5,3,5,660,47
1,2.54,49.11,74.62,5,3,3,660,6
1,7.55,113.27,150.64,5,3,15,420,2
1,10.66,149.22,233.96,5,3,15,420,15
1,8.11,121.7,178.08,5,3,0,1470,1
1,7.07,106.1,141.11,5,3,18,1470,31
1,7.73,108.22,169.67,5,3,1,1470,3
1,7.95,111.24,174.41,5,3,4,1470,15
1,5.93,77.08,118.29,5,3,9,480,17
1,5.81,87.18,115.95,5,3,1,930,4
1,5.81,75.48,115.83,5,3,6,930,35
1,8.06,104.74,160.73,5,3,5,420,61
1,4.88,73.17,97.31,5,3,2,1080,10
1,6.05,90.75,120.7,5,3,2,450,3
1,0.01,60,87.8,5,3,0,780,4
1,6.58,98.71,131.29,5,3,0,420,1
1,6.04,90.58,132.55,4,3,1,1020,3
1,4.77,66.83,104.79,5,3,2,570,9
1,0,60,87.8,5,3,11,540,2
1,7.1,106.56,155.94,4,3,5,420,11
1,6.52,97.8,130.08,5,3,0,870,1
1,6.13,92.01,122.38,5,3,5,480,31
1,4.8,57.57,86.12,4,3,0,960,10
1,3.06,60,87.8,5,3,4,660,9
1,4.5,67.5,89.78,5,3,0,600,2
1,5.3,68.89,105.71,5,3,3,540,6
1,2.39,48.75,74,5,3,0,660,1
1,7.09,106.32,155.58,5,3,0,930,2
1,6.93,97,152.09,5,3,2,930,9
1,5.8,86.97,127.26,5,3,0,1020,1
1,4.92,73.81,98.17,5,3,1,600,2
1,3.92,60,79.8,5,3,0,600,1
1,7.37,95.8,139.65,3,3,2,480,2
1,4.19,62.9,83.66,5,3,0,540,1
1,2.67,50.58,76.48,5,3,1,660,4
1,-5.89,25.35,36.35,5,3,0,960,9
1,5.83,87.52,128.07,5,3,0,900,1
1,6.46,96.83,128.78,5,3,0,540,1
1,4.32,64.84,86.24,5,3,1,1440,2
1,7.49,112.36,149.44,5,3,0,420,1
1,7.16,100.19,157.09,4,3,11,1020,5
1,8.08,113.09,177.31,5,3,0,420,2
1,7.61,114.13,167.01,5,3,11,870,24
1,7.9,118.49,173.39,5,3,3,1470,6
1,7.98,119.73,175.2,5,3,1,1470,4
1,8.28,115.91,181.73,5,3,0,1470,1
1,8.5,127.5,169.58,5,3,1,1470,4
1,6.86,102.92,136.88,5,3,2,795,6
1,8.64,112.28,172.31,5,3,1,570,4
1,8.34,125.05,166.32,5,3,7,570,23
1,9.66,144.96,192.8,5,3,1,570,3
1,8.35,108.56,166.6,5,3,5,420,8
1,3.22,55.35,74.97,5,3,1,450,2
1,8.3,124.57,182.29,5,3,3,360,6
1,8.28,115.89,181.7,4,3,0,360,2
1,3.82,60,79.8,5,3,0,900,4
1,4.1,61.5,81.8,5,3,0,780,2
1,5.33,80.02,106.43,0,1,0,555,1
1,4.52,67.81,90.19,5,3,2,915,7
1,0.02,52,79.8,0,1,9,915,37
1,5.79,86.87,115.54,5,3,7,915,17
1,8,120,159.6,0,1,10,915,41
1,4.88,73.13,97.26,5,3,1,1455,5
1,4.75,71.25,94.76,0,1,2,1455,9
1,7.8,101.4,0,5,3,0,930,2
1,3.1,50.87,81.42,5,3,1,645,5
1,6.98,104.68,153.19,5,3,1,480,8
1,6.19,92.83,123.46,5,3,0,870,1
1,2,42.6,59.5,5,3,0,690,2
1,4.29,64.33,85.56,5,3,0,570,1
1,4.28,64.23,85.42,0,1,1,1020,2
1,0.03,60,79.8,0,1,9,1020,26
1,5.11,66.37,101.86,0,1,13,1020,30
1,12.3,184.55,245.45,5,3,6,1020,15
1,6.54,98.13,130.51,5,3,9,510,16
1,7.22,108.33,144.07,0,1,2,510,4
1,6.43,83.63,128.34,5,3,12,510,25
1,7.56,98.22,150.72,0,1,1,510,4
1,7.74,116.13,154.45,0,1,1,510,2
1,4.97,74.57,99.18,0,1,0,510,4
1,2.98,60,79.8,5,3,1,810,13
1,4.92,73.75,107.93,5,3,1,570,4
1,2.96,53.55,80.4,4,3,4,1130,12
1,2.56,46.11,74.93,5,3,5,660,16
1,4,60,79.8,5,3,1,990,3
1,8.29,124.36,181.99,5,3,21,930,3
1,2.78,50.1,80.4,5,3,0,645,4
1,3.04,60,79.8,5,3,1,1440,5
1,19.23,288.48,343.74,5,3,2,900,7
1,9.31,121.08,185.81,0,1,0,555,2
1,6.69,100.36,133.48,0,1,2,555,4
1,10.53,136.91,210.1,0,1,1,675,4
1,3.66,60,79.8,0,1,0,975,2
1,4.2,62.95,83.73,0,1,1,975,4
1,4.8,72,95.76,5,3,1,975,4
1,5.19,77.88,103.58,0,1,1,975,3
1,4,52.04,79.86,0,1,10,975,25
1,5.32,69.1,106.05,0,1,0,975,2
1,9.15,118.94,182.53,0,1,4,495,11
1,8,120,159.6,0,1,0,780,2
1,4.53,58.84,90.29,0,1,2,780,11
1,6.74,101.14,134.52,0,1,2,570,8
1,4.16,58.2,91.25,5,3,1,660,3
1,5.66,79.18,124.15,5,3,4,1020,8
1,7.23,108.47,158.72,5,3,11,930,1
1,5.5,82.5,109.73,5,3,13,960,32
1,5.15,77.23,102.72,5,3,5,930,4
1,6.67,100.12,133.16,5,3,0,450,1
1,6.67,100.1,133.14,5,3,0,540,1
1,8,119.95,159.54,5,3,0,450,1
1,5.72,85.74,114.03,5,3,0,570,1
1,8.29,107.83,165.47,5,3,5,480,9
1,5.59,89.45,128.31,5,3,2,1140,3
1,5.71,91.36,131.04,5,3,2,1140,3
1,7.44,111.56,76.71,4,3,1,960,7
1,5.91,88.63,117.88,5,3,9,480,7
1,7.91,118.69,173.68,5,3,0,390,1
1,8.13,121.9,178.39,5,3,0,390,3
1,5.02,65.25,95.11,5,3,3,960,1
1,7.46,111.89,148.81,5,3,0,960,1
1,8.89,133.39,195.19,5,3,0,1440,2
1,9.5,142.5,189.53,5,3,3,1440,7
1,8.61,129.1,188.92,5,3,0,1440,1
1,8.07,104.93,152.95,5,3,0,780,1
1,7,105,73.05,5,3,0,960,2
1,5.32,69.13,100.77,5,3,0,960,1
1,3.17,54.94,74.58,5,3,1,600,3
1,2.76,51.52,77.62,5,3,0,660,10
1,5.1,71.42,111.97,3,3,4,960,8
1,7.2,107.97,143.61,5,3,0,570,7
1,5.89,76.63,117.6,5,3,2,480,6
1,4.93,73.94,98.34,5,3,1,840,6
1,4.89,73.3,97.48,5,3,1,420,7
1,7.96,119.36,174.67,5,3,0,390,3
1,3.29,48.43,75.62,5,3,3,960,11
1,5.72,74.37,108.4,5,3,0,960,1
1,6.7,100.5,133.66,5,3,1,840,10
1,4.75,71.32,94.86,3,3,1,600,9
1,7.05,105.82,140.74,5,3,0,870,1
1,6.34,95.08,126.46,5,3,0,870,4
1,8.29,124.29,181.88,5,3,9,810,2
1,7.03,105.38,140.16,5,3,0,600,2
1,6.54,98.11,130.49,5,3,7,480,27
1,7.54,113.14,165.56,5,3,0,960,2
1,2.89,53.55,80.4,5,3,0,645,1
1,28.3,424.5,564.59,5,3,8,1080,4
1,7.57,113.56,166.17,5,3,0,420,3
1,5.25,73.52,115.28,5,3,7,1050,12
1,5,75,99.75,5,3,0,600,1
1,4.93,69.06,108.28,5,3,0,660,1
1,7.88,118.2,157.2,5,3,0,960,2
1,9.52,142.75,189.86,0,1,0,1470,2
1,9.57,143.49,190.84,5,3,2,1440,8
1,7.8,101.37,155.56,5,3,16,1440,37
1,5.67,85.03,124.42,5,3,4,880,14
1,8.25,115.47,181.03,5,3,1,420,3
1,6,90,119.7,5,3,0,540,1
1,8.07,104.92,161.01,5,3,0,570,4
1,3.97,52,79.8,5,3,1,1035,5
1,5.97,77.57,119.05,5,3,0,420,1
1,5.5,82.5,109.73,5,3,17,540,34
1,5.67,85,113.05,5,3,12,540,21
1,5,75,99.75,5,3,12,540,27
1,5.5,82.5,109.73,5,3,8,540,17
1,5.1,76.57,112.05,5,3,8,540,7
1,7.95,119.31,174.59,5,3,0,390,1
1,7.5,112.5,149.63,0,1,12,390,106
1,7.32,109.74,145.95,5,3,4,480,20
1,7.65,114.7,152.55,5,3,2,480,7
1,3,53.55,73.05,5,3,2,660,6
1,3.82,60,79.8,5,3,1,870,4
1,9.58,143.67,191.08,0,1,4,1470,12
1,4.3,64.47,94.35,5,3,1,780,3
1,4.82,62.71,96.24,5,3,1,960,4
1,2.96,50.1,80.4,5,3,0,660,6
1,6.66,106.55,152.83,5,3,0,1170,4
1,3,53.55,73.05,5,3,0,660,3
1,3.41,56.71,84.13,5,3,1,660,3
1,8.06,120.9,160.8,5,3,7,360,4
1,3.19,60,79.8,5,3,3,570,6
1,2.81,53.55,80.4,5,3,0,630,1
1,6.08,85.08,133.39,5,3,3,480,9
1,8.23,107.05,156.05,3,3,1,900,15
1,6.12,91.77,122.05,5,3,0,660,1
1,6.63,99.52,132.36,5,3,1,660,3
1,7.56,113.44,150.88,5,3,0,480,1
1,7.23,108.38,144.15,5,3,1,570,7
1,0.02,60,87.8,5,3,3,570,7
1,9.31,130.38,204.41,5,3,4,630,12
1,9.14,127.9,200.52,5,3,4,630,3
1,7.94,111.2,174.34,5,3,2,420,4
1,7.59,113.82,151.38,5,3,3,960,9
1,6.34,82.4,126.45,5,3,6,480,10
1,4.12,61.75,82.13,5,3,13,465,15
1,7.91,110.75,173.64,5,3,3,420,6
1,6.77,88.03,128.32,5,3,0,960,1
1,2.48,60,87.8,5,3,3,480,11
1,3.04,53.93,80.82,4,3,2,900,7
1,4,52.05,75.88,5,3,0,780,2
1,7.04,105.53,140.35,5,3,7,840,26
1,6,90,119.7,5,3,0,540,1
1,5.15,77.23,102.71,5,3,4,570,13
1,8.11,105.42,161.77,2,3,4,600,2
1,6.06,84.78,132.93,5,3,3,480,5
1,1.85,42.6,65.5,5,3,18,675,2
1,4.99,74.9,99.61,5,3,2,600,6
1,5.8,75.46,109.99,5,3,0,450,2
1,5.42,75.94,119.07,5,3,0,570,2
1,7.04,98.49,154.42,5,3,2,900,4
1,5.18,72.57,113.78,0,1,0,1020,2
1,3.89,60,79.8,5,3,2,900,3
1,4.49,62.85,98.54,5,3,2,960,3
1,5.3,68.91,100.45,5,3,0,960,1
1,5.92,88.8,118.11,5,3,1,1020,3
1,6.21,93.21,136.4,5,3,9,480,8
1,7.82,117.25,155.94,5,3,17,1485,34
1,6.81,88.54,135.87,5,3,0,480,2
1,8.26,115.63,181.29,5,3,1,960,3
1,32,480,638.4,3,3,0,960,1
1,8.07,104.85,152.84,5,3,5,840,12
1,7.87,102.31,157.01,5,3,5,600,9
1,7.82,117.29,171.63,5,3,2,600,3
1,8.05,120.73,176.67,5,3,3,600,6
1,5.92,88.82,118.13,5,3,4,900,19
1,5.15,77.29,113.1,5,3,0,990,1
1,4.69,65.69,102.99,3,3,0,990,2
1,8.27,124.09,181.59,5,3,10,900,2
1,7,105,139.65,1,3,1,900,5
1,4.16,62.39,82.98,5,3,3,870,4
1,4.99,64.82,99.47,5,3,2,990,5
1,4.45,57.89,88.83,5,3,3,990,5
1,4.72,61.4,94.23,5,3,0,960,1
1,6.02,90.23,120.01,5,3,2,1440,22
1,2.83,52.13,71.39,5,3,4,660,9
1,6.13,91.94,134.54,5,3,0,990,1
1,4.45,62.37,97.79,4,3,16,1440,13
1,4.61,64.56,101.22,0,1,0,1080,2
1,7.16,100.18,157.07,5,3,2,930,5
1,6.33,82.33,120.01,5,3,1,1020,3
1,4.04,60.65,88.75,5,3,0,990,1
1,7.2,100.76,157.97,5,3,0,420,2
1,8.5,127.5,169.58,5,3,3,930,5
1,7.13,99.88,156.59,0,1,2,840,5
1,10.62,138.07,211.89,0,1,3,840,8
1,7.7,100.15,153.69,0,1,5,840,11
1,7.15,100.11,156.96,0,1,2,600,3
1,10.51,136.57,209.59,0,1,2,840,7
1,6.8,95.24,149.32,0,1,0,600,2
1,5.72,85.73,114.03,0,1,5,420,12
1,1.88,53.55,80.4,5,3,0,630,1
1,7.79,109.06,170.99,5,3,11,1470,39
1,7.35,95.51,146.58,5,3,5,420,15
1,6.06,84.87,133.06,5,3,0,480,1
1,5.97,77.61,119.1,5,3,2,420,7
1,8.94,116.18,178.29,0,1,0,420,3
1,9.72,145.78,193.89,0,1,0,420,1
1,8,120,159.6,0,cancelled_Admin,0,360,5
1,5.81,81.37,127.58,5,3,13,960,29
1,8.05,120.74,176.69,5,3,5,600,3
1,8.03,120.44,176.25,5,3,6,600,1
1,4.04,60.55,60.18,5,3,28,1050,7
1,2.45,48.75,74,5,3,3,660,9
1,2.07,56,87.8,5,3,1,420,3
1,6.9,89.71,137.68,5,3,11,540,30
1,5.7,85.51,113.73,5,3,0,900,1
1,6.58,98.69,131.25,5,3,0,540,1
1,7.83,117.47,156.23,5,3,0,840,2
1,4.64,69.6,92.57,5,3,8,1110,2
1,5,75,99.75,1,3,3,1140,7
1,6.03,90.48,120.34,5,3,2,600,4
1,8.08,113.05,177.25,5,3,23,540,29
1,4.43,66.39,66.34,5,3,10,960,1
1,5.85,76.05,116.7,5,3,1,510,4
1,46.49,697.34,927.46,5,3,6,780,3
1,6.93,90.03,138.16,5,3,5,480,15
1,8.5,127.56,169.65,5,3,8,1470,17
1,8.37,125.49,183.63,5,3,1,1470,4
1,7.9,110.57,173.36,5,3,17,600,59
1,5.97,89.53,119.08,5,3,7,480,13
1,7.05,98.73,154.8,5,3,1,420,6
1,4.48,62.66,98.24,5,3,1,960,5
1,3.91,60,87.8,5,3,3,1050,4
1,4.05,60.69,88.82,4,3,3,1050,4
1,4.51,67.72,99.09,5,3,1,990,6
1,4.87,63.36,97.24,5,3,0,1020,2
1,8.11,113.6,178.1,5,3,0,420,7
1,4.79,62.26,95.55,5,3,2,510,9
1,6.64,86.34,132.49,5,3,0,510,2
1,4.14,53.76,82.51,5,3,3,600,8
1,7.88,118.25,173.04,0,1,0,390,1
1,6.09,91.33,133.64,5,3,1,960,2
1,6.1,85.42,133.93,5,3,1,960,3
1,7.73,115.92,154.17,0,1,2,780,6
1,8.85,115.07,176.59,0,1,0,780,2
1,11.26,168.86,224.58,0,1,0,780,1
1,9.01,135.13,179.73,0,1,9,480,18
1,8.13,121.99,162.24,0,1,5,780,10
1,4.59,68.84,91.55,3,3,1,960,4
1,3.62,60,87.8,0,1,4,600,8
1,4.17,58.32,91.44,0,1,1,600,7
1,8.58,120.1,188.3,5,3,9,1470,22
1,8.3,124.46,182.12,5,3,1,1470,2
1,7.89,118.38,173.23,0,1,0,390,1
1,0,60,79.8,0,1,1,960,7
1,4.7,61.09,93.75,0,1,2,990,6
1,2.16,53.55,80.4,5,3,2,675,21
1,5.82,87.27,127.71,4,3,1,780,3
1,3.22,55.38,82.59,5,3,2,900,8
1,6.98,97.73,153.23,4,3,2,420,4
1,5.57,72.36,111.05,5,3,7,960,22
1,5.98,89.71,119.32,5,3,2,960,6
1,7.24,94.1,137.17,4,3,0,960,2
1,7.06,91.78,133.78,4,3,2,960,3
1,9.41,131.7,206.49,4,3,2,960,7
1,4.32,64.84,86.24,2,3,2,960,3
1,8.51,119.21,186.9,5,3,8,1470,25
1,4.05,52.59,76.66,5,3,1,1110,3
1,8.18,106.36,163.22,5,3,5,1440,20
1,7.7,115.55,153.68,5,3,9,420,17
1,7.82,117.27,155.97,5,3,1,420,2
1,3.57,53.85,85.41,5,3,14,1110,49
1,5.08,76.2,101.35,3,3,0,960,1
1,8.2,122.95,163.53,5,3,12,420,41
1,7.99,119.79,159.32,5,3,0,960,1
1,5.07,75.98,111.18,5,3,3,990,6
1,6.01,84.21,132.03,5,3,4,975,1
1,2.9,53.55,80.4,5,3,2,780,3
1,6.23,81.05,118.14,5,3,0,960,1
1,5.29,79.31,116.06,5,3,0,870,1
1,4.19,58.62,91.91,5,3,11,600,27
1,7.59,113.83,151.39,5,3,1,420,2
1,9.63,125.23,192.19,5,3,2,420,5
1,7.04,91.53,140.46,5,3,2,420,1
1,5.77,75.02,115.13,0,1,0,480,2
1,7.29,109.35,160.01,4,3,17,360,35
1,4.15,62.23,91.06,3,3,17,990,4
1,4.06,60.85,89.04,3,3,17,990,5
1,4.03,56.48,88.55,3,3,17,990,11
1,4.67,70.02,93.12,5,3,4,810,8
1,4.71,70.67,93.99,5,3,5,600,8
1,7.77,116.53,170.53,5,3,3,1470,6
1,3.51,57.41,84.97,5,3,1,630,5
1,7.5,97.46,142.07,5,3,1,840,2
1,5.91,88.64,129.72,5,3,4,870,7
1,4.12,57.66,90.4,5,3,0,600,2
1,4.21,58.96,92.44,5,3,6,1110,22
1,1.62,42.6,65.5,5,3,0,690,2
1,6.99,97.9,153.49,5,3,3,420,4
1,6.98,97.77,153.29,5,3,3,420,2
1,9.11,136.59,181.67,5,3,0,420,3
1,8,112.04,175.66,5,3,1,480,3
1,8.33,116.64,182.88,5,3,8,480,21
1,8.16,114.23,179.09,5,3,5,480,11
1,7.64,106.93,167.66,5,3,0,900,1
1,8.28,124.2,181.75,5,3,8,900,19
1,8.01,120.09,175.74,5,3,4,420,2
1,6.18,92.67,123.26,5,3,17,420,18
1,7.78,116.7,170.76,0,1,0,390,2
1,8.5,119.02,186.6,5,3,2,1470,2
1,8.07,121.06,177.15,5,3,2,1470,5
1,7.97,119.55,159,5,3,9,420,22
1,6.52,97.86,130.15,5,3,16,420,56
1,4.11,61.6,81.92,5,3,0,780,2
1,6,77.99,119.68,5,3,5,540,2
1,4.61,69.13,68.77,5,3,1,840,2
1,5.95,83.3,130.6,5,3,6,420,15
1,5.26,73.65,115.48,5,3,6,420,3
1,3.51,56,87.8,4,3,0,900,2
1,3.78,60,79.8,5,3,6,810,51
1,3.92,60,0,5,3,5,695,14
1,4.17,62.6,91.6,5,3,5,695,3
1,8.39,109.06,167.36,3,3,0,480,2
1,7.9,102.71,157.62,5,3,0,480,2
1,0.01,56,87.8,5,3,2,960,6
1,7.47,104.55,163.92,5,3,2,960,4
1,5.51,82.63,109.89,5,3,1,960,2
1,4.31,64.61,85.93,5,3,0,1020,1
1,4.92,73.77,98.11,5,3,3,960,2
1,3.17,56,87.8,5,3,10,630,19
1,2.94,53.55,80.4,5,3,0,630,3
1,7.18,107.72,143.27,5,3,1,420,1
1,6.38,95.68,76.39,0,1,0,450,1
1,7.79,101.25,155.39,5,3,0,420,2
1,9.95,129.32,188.51,5,3,0,690,1
1,4.68,70.16,93.32,5,3,3,420,6
1,5.48,82.26,77.08,5,3,2,840,3
1,3.94,60,87.8,5,3,0,660,1
1,4.14,62.16,90.96,5,3,0,990,1
1,5.08,71.18,111.59,5,3,1,990,8
1,6.31,94.59,125.8,5,3,1,450,6
1,6.44,90.17,141.38,5,3,0,810,2
1,8.26,115.7,181.4,5,3,1,420,7
1,8.07,112.98,177.13,5,3,1,420,2
1,8.09,121.31,177.52,5,3,3,1470,8
1,8.83,114.77,167.3,5,3,0,1440,13
1,3.59,60,79.8,5,3,1,1065,3
1,8.15,122.23,162.57,5,3,1,420,4
1,6.28,81.63,125.27,5,3,1,420,3
1,5.37,69.81,107.12,5,3,3,420,11
1,5.33,69.33,106.39,5,3,3,420,6
1,6.23,93.44,124.28,5,3,1,420,5
1,2.37,50.1,80.4,5,3,0,660,5
1,3.69,60,79.8,5,3,1,900,3
1,9.72,145.77,193.87,5,3,0,420,1
1,7.67,114.98,168.26,0,1,7,390,13
1,7.78,116.7,170.77,0,1,0,390,1
1,4.87,68.21,106.95,5,3,2,570,4
1,7.5,112.57,149.72,5,3,0,420,1
1,0.01,60,79.8,5,3,0,510,1
1,8.36,116.98,183.41,5,3,5,420,11
1,1.96,42.6,65.5,5,3,2,680,6
1,2.38,48.75,74,5,3,2,660,39
1,8.1,113.36,177.73,5,3,5,420,1
1,6.81,102.13,95.96,5,3,0,960,1
1,8.31,116.3,182.34,5,3,0,1470,9
1,8.72,130.83,191.44,5,3,0,1470,2
1,8.2,122.93,179.89,5,3,0,1470,3
1,8.03,112.41,176.24,5,3,2,1470,10
1,8.52,127.81,187.03,5,3,1,1470,5
1,0,34.88,54.22,5,3,3,690,7
1,3.05,60,79.8,5,3,0,660,1
1,5.19,67.41,103.45,5,3,1,990,2
1,3.42,60,79.8,5,3,2,540,4
1,2,60,79.8,5,3,0,1020,2
1,8,120,159.6,5,3,0,420,2
1,3.3,52,79.8,5,3,3,1080,8
1,7.01,98.14,153.87,5,3,2,420,8
1,7.05,98.68,154.71,5,3,0,420,2
1,6.44,96.55,128.41,0,1,1,450,4
1,4.14,57.91,90.79,4,3,4,930,1
1,3.95,56,87.8,4,3,4,930,1
1,4.05,60.73,80.77,0,1,1,630,5
1,3.55,57.69,77.57,0,1,0,480,0
1,5.17,77.58,103.18,5,3,0,540,1
1,4.34,65.07,86.54,5,3,0,540,2
1,7.85,109.85,172.23,5,3,0,1470,5
1,8.67,130.12,190.41,5,3,2,1470,9
1,5.24,68.15,104.58,5,3,9,1080,44
1,6.03,90.43,120.27,5,3,0,450,1
1,5.62,84.25,123.28,5,3,0,960,3
1,3.77,58.77,78.74,5,3,1,1065,6
1,6,89.95,119.63,5,3,0,420,4
1,5.83,87.51,116.39,5,3,0,420,1
1,6.09,91.39,121.54,5,3,0,420,2
1,9.75,146.31,194.6,5,3,3,360,9
1,7.99,119.86,159.41,5,3,0,420,2
1,7.7,107.78,168.99,0,1,0,390,3
1,7.81,117.12,171.38,0,1,0,390,2
1,6.88,103.14,150.93,0,1,0,390,1
1,8.47,118.59,185.94,0,1,0,360,2
1,7.43,103.99,163.04,5,3,0,420,3
1,5.46,76.38,119.76,5,3,0,540,5
1,8.23,123.39,164.1,5,3,9,420,36
1,7.94,119.09,158.39,4,3,3,1380,24
1,8,120,159.6,5,3,0,420,1
1,8,120,159.6,5,3,0,420,1
1,8.24,123.55,164.32,5,3,0,420,1
1,8.52,127.85,187.08,5,3,1,1470,5
1,8.12,113.69,178.25,5,3,2,420,15
1,3.89,60,79.8,5,3,2,900,3
1,5.43,81.47,108.36,5,3,0,930,1
1,8.05,120.78,176.74,5,3,0,420,4
1,2.98,46.35,72.88,5,3,4,570,10
1,5.45,81.69,76.76,5,3,5,960,6
1,2.47,60,79.8,5,3,2,1125,5
1,7.93,119.02,158.3,5,3,0,420,1
1,7.72,100.36,154.01,5,3,7,420,35
1,4.14,62.04,61.95,5,3,0,930,4
1,6.45,96.77,128.71,5,3,0,810,2
1,7.98,103.76,159.23,5,3,14,480,31
1,6.09,79.15,121.47,5,3,0,600,4
1,4.25,59.47,93.25,5,3,7,990,2
1,4.91,73.7,98.02,5,3,0,1020,2
1,7,105,139.65,0,1,14,1020,30
1,4.78,71.71,70.75,5,3,0,990,1
1,4.29,64.3,94.09,5,3,8,990,19
1,4.23,59.19,92.8,5,3,8,990,29
1,4.44,62.17,97.47,0,1,6,900,13
1,5.22,78.28,114.55,4,3,0,420,8
1,8.25,123.75,164.59,0,1,1,960,6
1,0,56,87.8,5,3,0,1470,3
1,7.93,118.95,158.21,4,3,4,1380,13
1,8.34,125.03,182.95,5,3,0,1470,1
1,8.85,123.85,194.17,5,3,7,1470,7
1,5.98,89.77,119.39,5,3,0,540,1
1,5.99,89.79,119.42,5,3,0,540,1
1,7.34,102.75,161.1,4,3,0,900,1
1,7.29,102.08,160.04,4,3,7,900,25
1,4.61,64.51,101.14,0,1,2,1080,3
1,4.59,64.3,100.82,0,1,7,1080,25
1,4.99,74.82,109.48,0,1,5,1080,59
1,4.63,69.44,101.62,0,1,6,1080,22
1,8.01,120.11,175.76,5,3,0,480,1
1,7.98,111.71,175.15,5,3,0,900,3
1,8.41,126.21,167.85,5,3,14,900,55
1,4.85,72.75,96.75,5,3,0,810,1
1,7.67,99.75,153.08,5,3,0,420,3
1,8.11,105.49,161.88,5,3,1,420,3
1,7.94,119.14,158.46,5,3,0,555,0
1,7.87,118.07,157.03,5,3,0,555,0
1,5.06,70.85,111.08,5,3,16,570,31
1,6.24,81.08,124.42,5,3,1,420,10
1,5.96,89.37,118.87,5,3,1,660,3
1,4.39,65.84,87.57,5,3,1,960,2
1,7.8,117.03,155.65,5,3,2,510,5
1,7.88,102.47,157.26,0,1,11,420,18
1,7.82,101.65,155.99,0,1,3,420,11
1,7.54,113.08,150.39,5,3,0,360,1
1,5.16,77.35,113.19,5,3,0,600,3
1,4.09,61.43,61.22,5,3,0,1020,2
1,8.1,113.43,177.85,5,3,7,1020,24
1,8,120,159.6,5,3,0,480,2
1,6.1,91.52,121.72,5,3,0,480,1
1,8.33,116.56,182.75,5,3,1,480,2
1,8,120,159.6,5,3,0,480,4
1,7.88,118.24,173.03,5,3,4,480,19
1,4.66,69.95,93.04,5,3,8,1050,4
1,5.04,75.64,100.6,5,3,1,825,4
1,1.41,53.55,80.4,5,3,0,1485,3
1,8.61,129.15,188.99,5,3,3,1470,6
1,8.04,112.51,176.4,5,3,0,1440,1
1,7.85,117.81,156.69,5,3,0,510,2
1,6.3,94.49,125.68,5,3,0,540,1
1,7.86,102.24,156.9,5,3,2,450,9
1,5.41,81.09,118.66,5,3,0,540,1
1,3.64,60,79.8,5,3,0,1050,1
1,4.64,69.65,101.92,0,1,1,1080,5
1,4.49,67.39,98.61,0,1,2,1080,4
1,0.02,56,87.8,0,1,4,1080,24
1,6.31,69.42,113.29,5,3,1,1020,10
1,8.53,127.88,187.13,5,3,0,1470,2
1,7.44,104.15,163.29,5,3,1,420,3
1,8.16,122.34,162.72,5,3,0,420,1
1,5.23,73.25,114.84,5,3,5,1050,3
1,5.06,70.78,110.97,5,3,5,1050,2
1,4.8,67.23,105.4,5,3,5,1050,8
1,5.17,77.62,113.58,5,3,5,1050,3
1,4.67,65.37,102.49,5,3,7,1050,1
1,5.68,79.57,124.75,5,3,7,1050,1
1,4.78,66.93,104.94,5,3,7,1050,1
1,5.15,72.06,112.98,5,3,7,1050,4
1,4.7,70.55,103.23,5,3,7,1050,19
1,3.05,53.98,80.97,3,3,0,900,1
1,2.96,53.55,80.4,3,3,0,900,1
1,5.17,77.59,103.19,5,3,0,600,2
1,8.03,120.48,160.23,5,3,0,420,1
1,8.17,130.7,195.64,0,1,4,780,1
1,8.5,136.02,203.61,0,1,3,780,1
1,5.67,85.02,124.42,5,3,1,1020,7
1,6.6,98.94,131.59,5,3,0,540,1
1,5.08,76.2,111.5,5,3,0,540,1
1,8.85,115.04,176.54,5,3,4,900,20
1,5.5,82.5,109.73,5,3,0,690,1
1,4,60.04,79.85,5,3,1,480,4
1,3.31,60,79.8,5,3,0,1440,2
1,5.88,88.21,117.33,5,3,1,1080,10
1,5.52,82.76,110.07,5,3,1,480,4
1,5,75,99.75,5,3,4,600,19
1,7.36,103.09,161.62,5,3,1,420,2
1,8.6,120.44,188.83,4,3,0,1470,4
1,0,53.55,73.05,5,3,0,1235,1
1,2.43,47.96,66.3,5,3,0,1440,1
1,6.38,95.69,120.89,5,3,0,960,3
1,8.43,126.47,185.07,5,3,0,1470,1
1,7.06,105.88,73.59,5,3,0,480,1
1,8,120,159.6,5,3,2,900,7
1,8.03,120.4,176.19,5,3,0,900,2
1,8.33,116.65,182.88,5,3,1,900,12
1,3.96,60,79.8,5,3,0,1065,1
1,3.01,53.65,73.19,5,3,2,480,6
1,6.68,100.19,133.26,5,3,0,540,2
1,3.95,60,79.8,5,3,1,1050,3
1,3.68,58.35,78.23,5,3,1,1110,5
1,6.5,97.5,129.67,0,1,0,450,2
1,3.95,60,79.8,5,3,0,990,2
1,5.5,82.5,109.73,1,3,4,870,3
1,3.09,54.38,74,5,3,0,1110,1
1,5.79,81.07,127.1,4,3,8,660,1
1,8,120,159.6,5,3,0,840,2
1,8.12,121.75,178.17,5,3,0,1440,1
1,8.77,131.54,192.49,5,3,0,1470,2
1,8.17,122.5,162.93,5,3,0,420,1
1,5.02,55.22,90.11,5,3,2,840,11
1,5.65,73.48,112.76,5,3,9,690,40
1,8.04,104.58,160.5,3,3,0,420,4
1,6.18,92.64,123.21,5,3,0,480,2
1,6.33,94.9,126.21,5,3,0,480,1
1,4.11,57.52,90.19,5,3,3,780,5
1,4.06,56.85,89.14,0,1,10,900,36
1,4,60,79.8,0,1,0,900,1
1,3.98,56,87.8,5,3,4,900,13
1,7.01,98.11,153.82,3,3,4,420,1
1,7.83,117.43,140.52,5,3,0,660,3
1,8.17,122.52,179.28,4,3,1,390,2
1,3.75,60,79.8,5,3,0,510,1
1,8.44,118.23,185.36,5,3,3,1470,7
1,7.9,118.53,157.64,5,3,0,420,1
1,6.47,97.09,129.12,5,3,0,540,3
1,4.27,64.03,85.16,2,3,5,925,18
1,7.23,108.4,158.62,0,1,1,810,7
1,6.46,90.45,141.81,0,1,0,900,11
1,5.89,88.39,117.56,5,3,2,960,5
1,8.56,119.89,187.98,5,3,2,1470,5
1,7.82,101.69,156.05,5,3,0,420,1
1,1,25.35,36.35,1,3,2,1440,5
1,6.38,82.9,127.22,4,3,7,480,26
1,6.07,85,133.27,5,3,2,420,7
1,7,98.07,153.76,5,3,1,420,3
1,6.57,98.56,131.08,5,3,4,420,20
1,2.14,53.55,80.4,5,3,0,1110,1
1,6.09,79.19,121.52,5,3,3,960,3
1,5.92,77,118.16,5,3,4,960,2
1,6.2,93.04,123.74,4,3,0,480,1
1,7.35,95.55,146.63,5,3,0,300,1
1,8.5,110.54,169.64,4,3,0,420,1
1,6.08,85.09,133.41,5,3,1,480,6
1,7.9,110.57,173.35,5,3,0,300,1
1,5.03,65.35,100.29,4,3,0,480,4
1,5.73,80.22,125.78,5,3,0,780,4
1,5.84,75.97,116.58,5,3,1,480,2
1,6.74,87.58,134.4,4,3,5,480,16
1,8,120.01,159.61,5,3,0,420,1
1,6.64,93.01,145.82,0,1,3,960,9
1,8.02,104.32,160.09,5,3,0,480,4
1,4.14,62.16,82.67,5,3,1,600,4
1,1.42,33.51,47.52,5,3,12,600,24
1,7.08,106.19,141.23,0,1,6,780,2
1,7.49,112.32,149.38,0,1,6,780,3
1,8.01,120.13,119.9,0,1,6,780,1
1,5.98,77.71,119.25,5,3,4,840,3
1,3.14,53.55,84.88,5,3,3,960,4
1,5,75,99.75,5,3,0,480,2
1,1.52,35.28,54.87,5,3,1,680,11
1,3.43,57.23,77.18,5,3,1,780,6
1,8.43,126.44,185.03,5,3,1,1470,3
1,8.1,121.57,177.9,5,3,7,1470,11
1,7.65,114.73,152.6,2,3,3,390,6
1,7.53,105.46,165.35,5,3,1,1470,3
1,7.89,118.35,157.4,5,3,0,420,1
1,4.67,70,93.1,5,3,1,660,4
1,5.1,56.14,91.62,5,3,0,1440,3
1,1.63,34.64,57.52,5,3,1,690,2
1,1.61,42.6,65.5,5,3,0,690,7
1,5.5,71.47,109.68,3,3,1,600,6
1,4.83,72.4,96.29,5,3,0,570,2
1,4.85,63.04,96.74,5,3,8,540,29
1,6.99,97.91,153.51,0,1,3,840,12
1,4.95,69.27,108.61,5,3,4,1020,3
1,5.22,73.12,114.64,5,3,4,1020,16
1,6,90,119.7,5,3,1,900,3
1,8.1,121.57,177.9,5,3,0,1470,2
1,3.67,50.46,78.16,5,3,0,1080,5
1,5,75,99.75,5,3,1,1020,2
1,4.94,74.05,108.36,5,3,1,1020,2
1,7.42,103.9,162.9,0,1,0,840,1
1,4.18,62.74,83.45,5,3,0,990,1
1,5.52,60.69,99.04,5,3,0,1440,1
1,6,90,119.7,5,3,0,940,1
1,5.44,70.75,108.58,5,3,5,960,16
1,5.75,86.25,114.71,5,1,0,1440,1
1,6,90,119.7,5,3,52,1020,57
1,6,90,119.7,5,3,52,1020,45
1,4.91,63.88,98.02,5,3,3,990,8
1,3.71,60,79.8,5,3,0,660,2
1,3.83,60,79.8,5,3,0,990,1
1,7,105,73.05,5,3,0,660,3
1,8.07,112.94,177.07,5,3,0,420,1
1,7.92,110.82,173.75,5,3,0,420,5
1,7.05,98.74,154.81,5,3,0,900,14
1,8.13,121.89,145.86,5,3,0,1440,3
1,7.82,117.33,171.7,0,1,14,930,4
1,7.83,109.64,171.91,0,1,14,930,32
1,5.96,77.45,118.86,0,1,2,960,4
1,10.1,131.25,201.42,5,3,1,420,8
1,5.63,73.22,112.36,5,3,0,420,2
1,4.92,63.95,98.14,5,3,0,660,2
1,4.06,52.81,81.04,5,3,3,990,19
1,4.53,58.95,90.46,5,3,2,960,4
1,6.47,97.1,129.14,0,1,5,1200,2
1,9.71,145.64,183.99,5,3,0,1440,2
1,5.53,82.96,110.34,5,3,2,900,4
1,5.14,77.03,97.31,5,3,3,1105,13
1,7.61,106.56,167.08,4,3,5,1470,10
1,7.9,110.67,173.51,4,3,10,1470,52
1,8.12,121.81,178.25,5,3,0,1470,2
1,8.65,129.7,189.8,5,3,0,1470,3
1,5.07,55.72,90.93,5,3,0,1440,3
1,6.5,97.5,129.67,5,3,2,960,21
1,2.01,42.61,0.44,5,3,3,630,8
1,4.88,73.16,97.31,5,3,0,990,1
1,3.95,52,79.8,5,3,1,780,3
1,7.93,110.99,174.01,5,3,0,360,2
1,8.27,124.04,164.97,4,3,2,420,3
1,4.52,67.8,90.17,5,3,1,990,1
1,8.75,131.3,174.63,5,3,2,360,9
1,4,60.04,87.86,5,3,0,600,2
1,6.79,101.84,135.45,5,3,3,870,15
1,3.92,59.6,79.4,5,3,3,1080,9
1,4.14,62.08,82.56,5,3,0,835,1
1,8.49,127.41,186.45,5,3,0,1470,2
1,8.28,124.21,181.77,5,3,0,1470,3
1,8.4,126,184.38,5,3,0,1470,8
1,8.01,104.15,159.83,5,3,0,420,1
1,5.17,77.5,103.08,5,3,0,1440,1
1,4.48,49.3,80.45,5,3,0,1440,1
1,4.78,62.15,95.38,5,3,0,900,5
1,7.05,91.66,140.67,5,3,0,420,1
1,4.44,66.55,97.38,5,3,1,600,5
1,8.58,120.07,188.25,5,3,6,960,18
1,8.81,132.14,193.36,5,3,0,1470,1
1,8.28,124.25,181.82,5,3,0,1470,4
1,8.51,127.69,186.85,5,3,0,1470,1
1,8.23,123.52,180.75,5,3,0,1470,1
1,9,135,179.55,5,3,0,780,2
1,4.23,63.43,84.36,4,3,0,630,3
1,3.16,54.88,74.65,4,3,0,1470,4
1,3.45,57.23,84.88,5,3,0,630,1
1,5.07,65.96,101.22,5,3,8,960,32
1,8.98,116.73,179.14,3,3,0,1380,3
1,7.81,101.58,155.89,3,3,2,1380,4
1,5.41,59.48,97.06,5,3,2,1020,19
1,7,105,139.65,5,3,0,1440,1
1,6.5,97.5,129.67,5,3,0,1020,13
1,3.98,60,79.8,5,3,0,840,3
1,4.18,54.29,83.32,5,3,1,1470,3
1,3.83,60,79.8,5,3,0,1470,2
1,8.17,122.55,162.99,5,3,0,450,2
1,5.5,82.5,109.73,5,3,3,960,13
1,4.82,72.29,96.14,4,3,5,900,16
1,7.43,96.53,148.13,5,3,0,300,4
1,5.86,87.85,116.84,5,3,0,480,1
1,5.71,85.66,113.93,5,3,0,480,2
1,4.38,56.98,87.45,5,3,3,840,8
1,5.22,67.8,104.05,5,3,0,960,1
1,4.59,68.92,91.66,5,3,0,990,5
1,4.38,65.69,87.37,5,3,0,990,1
1,4.51,67.72,90.07,5,3,1,1440,3
1,8.03,120.51,176.35,5,3,0,1470,4
1,8.18,114.51,179.54,5,3,2,1470,9
1,8.44,126.61,185.27,5,3,6,420,19
1,4.12,53.55,82.18,5,3,0,1470,1
1,5.08,66.08,101.41,5,3,0,480,3
1,8.88,133.19,194.9,4,3,0,420,7
1,6.05,90.8,120.77,5,3,2,780,7
1,8.45,126.74,168.57,5,3,0,600,1
1,9.36,140.38,146.83,5,3,0,535,15
1,8.11,121.68,161.84,5,3,0,535,1
1,7.95,119.32,158.7,5,3,0,535,1
1,5.98,83.66,131.16,4,3,0,375,8
1,8.16,122.35,162.72,5,3,0,450,3
1,8.09,105.13,161.33,5,3,2,900,17
1,1.61,36.73,51.9,1,3,5,660,11
1,6.69,86.96,133.44,5,3,1,1210,3
1,4.48,58.22,89.34,5,3,5,930,6
1,4.39,65.88,87.62,5,3,5,930,16
1,8.1,121.55,161.66,5,3,0,420,1
1,2.73,50.1,80.4,1,3,6,675,47
1,4.38,65.65,87.31,5,3,5,690,16
1,5.28,68.64,105.34,5,3,0,960,1
1,7.7,115.52,153.64,5,3,0,420,1
1,8.6,111.79,171.56,5,3,1,540,5
1,5.97,83.58,131.04,4,3,0,990,1
1,8.13,121.96,162.21,5,3,1,480,5
1,8.22,123.28,180.4,0,1,0,1470,2
1,8.5,127.49,186.56,0,1,1,1470,10
1,7.01,105.22,153.97,0,1,0,480,1
1,4.02,60.27,80.16,5,3,4,600,15
1,8.22,123.25,163.92,5,3,9,900,49
1,8.12,121.75,161.92,5,3,0,900,2
1,8.4,109.2,167.58,5,3,0,420,5
1,8.07,113.02,177.2,5,3,1,420,3
1,6.2,68.15,111.22,5,3,0,1440,2
1,4.83,72.44,96.35,5,3,0,930,6
1,4,60,79.8,5,3,0,630,2
1,8.26,123.97,181.41,5,3,0,420,1
1,6.04,84.49,132.47,0,1,0,960,1
1,6.11,85.6,134.21,0,1,2,960,36
1,4.09,57.25,89.76,5,3,2,600,3
1,8.28,115.97,181.83,5,3,3,420,9
1,5.24,68.08,104.48,5,3,1,960,1
1,7.16,107.44,157.22,5,3,0,420,4
1,7.42,111.37,162.97,5,3,0,420,1
1,7.04,105.62,140.48,5,3,0,480,5
1,3.6,52,79.8,5,3,0,1080,1
1,4.42,66.33,88.22,5,3,0,780,2
1,6.08,78.98,121.2,5,3,0,420,2
1,2.52,52,79.8,5,3,0,1440,2
1,7.89,118.41,157.49,5,3,4,1470,10
1,7.98,119.67,159.16,4,3,1,1470,3
1,7.68,115.22,168.61,5,3,0,1470,2
1,10.15,111.6,182.11,5,3,0,780,1
1,7.41,81.53,133.04,5,3,0,660,1
1,9.44,141.56,169.4,5,3,0,780,1
1,8.21,123.2,163.85,5,3,1,420,3
1,8.04,112.61,176.56,5,3,0,420,1
1,8.34,125.08,166.36,5,3,1,420,5
1,7.82,109.42,171.56,5,3,0,420,3
1,4.69,60.98,93.58,5,3,1,930,1
1,3.33,48.66,75.99,5,3,1,1020,12
1,4.93,64.08,98.34,5,3,0,960,2
1,8.12,105.61,162.06,5,3,0,600,0
1,8.94,116.19,178.3,5,3,0,600,0
1,8.26,107.36,164.75,5,3,0,600,0
1,8.21,106.75,163.82,5,3,0,600,0
1,8.61,111.95,171.8,5,3,0,600,0
1,6.36,95.41,126.89,5,3,0,900,1
1,1.97,36.9,59.5,5,3,0,600,6
1,2.85,56,87.8,5,3,0,600,1
1,3.17,54.94,74.58,5,3,8,635,64
1,4.7,61.13,93.81,5,3,0,1440,1
1,4.1,53.27,81.74,4,3,0,1440,7
1,9.33,130.68,204.89,5,3,0,900,2
1,8.13,121.93,162.16,5,3,1,900,5
1,8.35,116.93,183.33,4,3,0,1470,2
1,8.52,119.25,186.96,3,3,1,1470,3
1,7.03,105.38,154.21,5,3,0,420,2
1,4.96,69.42,108.85,5,3,4,955,13
1,5,75,99.75,5,3,3,990,15
1,8.5,127.5,169.58,5,3,0,540,1
1,4.74,61.6,94.53,5,3,0,1440,1
1,3.43,52,79.8,5,3,0,660,7
1,3.75,52,79.8,5,3,2,630,4
1,10.23,153.42,204.06,5,3,0,420,4
1,4.92,63.93,98.1,5,3,1,660,2
1,4.57,59.45,91.23,5,3,1,1440,2
1,8.6,120.34,188.67,5,3,0,870,1
1,8.02,120.37,160.09,4,3,3,480,18
1,7.98,103.71,159.15,5,3,3,480,14
1,3.94,52,79.8,5,3,0,840,1
1,7.81,109.38,171.5,5,3,0,1470,2
1,8.63,120.79,189.38,5,3,0,1470,2
1,7.7,107.86,169.11,5,3,2,1470,5
1,5.72,80.08,125.56,4,3,1,420,6
1,4.15,54.01,82.89,5,3,3,480,3
1,5.27,68.56,105.21,5,3,5,660,6
1,5.05,75.77,100.78,5,3,1,660,3
1,3.9,52,79.8,5,3,1,960,4
1,2.93,60,79.8,5,3,0,540,1
1,7.88,110.37,173.05,5,3,3,420,17
1,3.11,56,87.8,2,3,7,660,28
1,2.29,53.55,80.4,5,3,0,1455,3
1,5.21,78.16,114.38,5,3,0,570,3
1,5.77,86.58,126.7,5,3,3,810,6
1,8.27,124.1,165.06,5,3,0,420,6
1,3.5,57.23,77.18,5,3,0,510,1
1,3.96,64,95.8,4,3,2,1230,4
1,4.48,67.16,98.28,5,3,0,840,4
1,0.02,60,87.8,5,3,0,1440,1
1,3.34,53.55,84.88,5,3,1,630,4
1,10.16,152.45,202.75,5,3,2,1470,5
1,8,120,159.6,5,3,1,1470,7
1,8.46,118.47,185.74,5,3,0,1470,1
1,8.06,112.9,177.02,3,3,3,1470,6
1,7.94,111.09,174.18,5,3,10,420,49
1,7.82,109.54,171.74,5,3,2,420,9
1,6.07,78.91,121.09,5,3,0,960,1
1,3.29,60,79.8,5,3,5,960,47
1,7.83,109.56,171.78,5,3,0,420,3
1,8.11,121.62,161.75,5,3,0,420,1
1,3.68,56,87.8,5,3,4,655,24
1,7.72,108.01,169.35,4,3,1,930,4
1,7.25,101.53,159.18,5,3,2,480,6
1,4.13,62.01,82.48,5,3,0,480,2
1,4.08,61.25,81.46,5,3,0,480,1
1,5.25,78.69,104.66,5,3,0,960,3
1,4.99,74.86,109.55,5,3,1,1050,8
1,8,120,159.6,5,3,0,420,1
1,2.82,50.1,80.4,5,3,2,660,11
1,8.49,110.31,169.29,5,3,0,540,1
1,4.8,72.02,105.38,5,3,0,960,1
1,5.23,78.48,84.39,5,3,1,960,3
1,5.99,89.85,79.8,5,3,0,960,4
1,7.26,101.63,159.34,3,3,2,1470,9
1,8.11,121.59,177.93,5,3,1,1470,5
1,3.16,54.93,82.08,5,3,0,660,1
1,5.01,65.15,99.98,5,3,9,1440,12
1,3.2,57.23,84.88,5,3,0,630,1
1,3.76,60,79.8,5,3,0,540,2
1,4.94,64.18,98.5,5,3,4,690,11
1,3.83,59.25,79,5,3,0,600,2
1,7.81,93.75,148.05,5,3,2,360,4
1,8.1,121.47,161.56,5,3,0,420,1
1,0.44,52,79.8,5,3,0,540,8
1,1.8,34.33,55.72,5,3,0,660,8
1,5.58,72.53,111.3,5,3,0,1060,9
1,8.36,125.47,183.6,5,3,0,480,1
1,0.46,52,79.8,5,3,0,420,7
1,12.25,159.19,244.3,4,3,0,420,1
1,8.19,106.48,163.41,5,3,0,390,1
1,4.07,57.02,89.4,5,3,0,600,7
1,3.73,54.8,86.48,5,3,0,630,3
1,7.48,104.78,164.28,5,3,0,1470,1
1,8.08,113.07,177.28,5,3,1,1470,3
1,5.81,75.57,115.97,5,3,5,840,11
1,4.64,69.61,92.58,5,3,1,960,5
1,3.47,49.42,76.99,5,3,1,1020,5
1,4.3,60.21,94.4,0,1,0,630,1
1,7.82,109.45,171.6,5,3,0,390,6
1,7.98,119.73,159.23,5,3,0,360,1
1,5.97,83.55,131,5,3,17,1055,56
1,5.16,72.27,113.32,5,3,8,1230,7
1,3.19,47.8,74.73,5,3,1,960,5
1,6.03,90.52,120.39,5,3,2,1010,7
1,8.07,121.01,160.94,5,3,0,420,1
1,3.14,56,87.8,3,3,3,1230,6
1,8.5,127.52,169.6,5,3,0,540,1
1,7.96,119.44,158.85,5,3,0,420,1
1,5.24,68.09,104.49,5,3,1,660,5
1,5.47,82.04,109.11,5,3,0,660,1
1,7.89,110.51,173.26,5,3,0,390,0
1,8,112.07,175.71,5,3,0,390,0
1,8.02,104.25,159.99,4,3,2,480,8
1,9.02,117.21,179.88,5,3,2,480,4
1,9.16,119.13,182.82,5,3,2,480,2
1,8,120.01,159.62,5,3,0,420,1
1,4.71,65.87,103.28,5,3,0,960,1
1,4.06,56.91,89.22,5,3,1,600,3
1,4.45,62.26,97.62,5,3,0,600,3
1,7.83,101.73,156.12,4,3,3,420,4
1,4.73,66.24,103.86,5,3,0,960,1
1,4.32,64.86,94.92,5,3,0,840,3
1,5.3,68.89,105.73,5,3,2,960,6
1,4.43,57.58,88.36,5,3,3,990,2
1,7.33,109.94,146.22,3,3,11,420,50
1,2.25,50.1,80.4,1,3,0,660,1
1,6.98,104.76,153.3,5,3,0,420,2
1,7.13,106.89,122.29,5,3,0,420,1
1,6.83,95.57,149.84,5,3,0,420,1
1,6.08,85.18,133.56,4,3,3,1380,5
1,9.6,144.05,191.58,5,3,0,420,1
1,5.94,89.12,118.53,5,3,2,420,6
1,6.01,78.16,119.94,5,3,2,420,13
1,9.06,117.8,180.78,5,3,7,480,30
1,4.41,66.18,96.84,5,3,0,600,5
1,3.94,51.85,79.65,5,3,0,990,3
1,8.05,112.63,176.59,5,3,0,520,3
1,3.27,52,79.8,5,3,1,600,8
1,4,60.03,79.83,5,3,3,540,25
1,4.07,60.98,73.59,5,3,0,600,4
1,7.52,97.82,150.12,3,3,0,420,1
1,7.9,118.56,157.69,5,3,0,420,1
1,4.93,64.11,98.38,3,3,1,600,18
1,7.9,110.56,173.34,5,3,0,390,1
1,12.65,164.49,252.43,5,3,0,480,1
1,7.53,97.86,150.18,4,3,10,420,26
1,8,120,159.6,5,3,1,420,4
1,6.19,80.45,123.46,5,3,0,420,1
1,5.05,65.63,100.71,5,3,2,930,8
1,4.44,57.71,88.57,5,3,2,990,2
1,7.18,107.77,157.71,5,3,0,420,2
1,7.34,110.07,161.07,5,3,0,420,6
1,7.07,106.12,155.28,5,3,0,420,1
1,6.04,84.55,132.56,0,1,0,990,3
1,4.56,63.79,100.02,0,1,0,990,2
1,6.21,93.2,123.96,0,1,1,990,8
1,5.69,79.69,124.95,5,3,2,990,8
1,7.19,107.8,143.38,5,3,0,420,1
1,3.82,52,79.8,5,3,6,420,25
1,7.08,92.05,141.26,4,3,11,450,31
1,3.84,52,79.8,5,3,5,540,25
1,7.93,119.03,158.3,5,3,0,420,2
1,7.99,119.84,159.39,5,3,0,420,1
1,7.97,103.63,159.04,5,3,2,420,2
1,8.05,104.64,160.58,5,3,0,420,3
1,5.12,71.67,112.38,5,3,0,480,6
1,7.56,105.82,165.91,0,1,0,840,5
1,4.39,65.8,87.51,5,3,9,955,20
1,6.62,92.7,145.35,0,1,1,810,4
1,5.68,85.2,124.67,0,1,0,810,2
1,7.81,117.08,155.72,5,3,0,840,1
1,2.99,56,0,5,3,0,960,1
1,8.15,122.19,162.52,5,3,10,420,21
1,7.63,99.19,152.21,4,3,0,480,1
1,9.02,117.24,179.92,4,3,1,420,5
1,2.31,52,79.8,4,3,16,300,5
1,7.93,118.98,158.25,5,3,1,420,3
1,8.06,120.96,160.87,0,1,14,360,52
1,7.76,100.88,154.81,5,3,4,960,22
1,7.07,106.05,141.04,0,1,0,825,2
1,7.24,108.53,144.34,0,1,0,825,2
1,6.4,89.57,153.23,0,1,0,825,2
1,6.39,89.41,152.96,0,1,0,825,3
1,6.4,95.99,153.27,0,1,0,825,1
1,5.51,77.09,120.87,5,3,5,1170,3
1,5.26,73.64,115.46,4,3,2,1170,6
1,6.2,86.8,136.09,5,3,7,990,2
1,5.34,69.48,106.63,5,3,2,930,5
1,4.93,64.06,98.31,5,3,0,840,5
1,7.99,103.91,159.46,5,3,0,420,1
1,7.75,116.22,154.57,5,3,8,420,15
1,5.03,70.36,110.32,5,3,0,900,6
1,7,105,139.65,5,3,3,420,12
1,5.73,80.28,125.86,5,3,0,420,2
1,3.18,55.07,74.81,4,3,5,780,7
1,3.39,57.23,84.88,5,3,5,780,1
1,8.75,113.69,174.47,5,3,7,360,9
1,7.75,116.25,154.61,5,3,3,360,4
1,7.67,115.07,153.04,5,3,2,360,5
1,8.53,110.86,170.12,5,3,5,480,9
1,6.88,103.23,137.3,5,3,12,480,62
1,6.92,89.95,138.05,5,3,10,1020,40
1,7.78,108.87,170.69,5,3,0,360,1
1,7.36,110.43,146.87,0,1,4,840,7
1,3.85,60,79.8,5,3,11,450,33
1,8.02,120.35,160.06,5,3,0,420,1
1,4.42,61.92,105.93,5,3,6,1020,10
1,4.21,59,92.5,5,3,16,600,11
1,-5.35,25.35,36.35,5,3,0,420,3
1,7,105,139.65,5,3,3,650,13
1,4.75,71.25,94.76,5,3,10,960,29
1,4.8,67.2,105.37,5,3,3,840,8
1,5.27,79.1,115.75,5,3,4,1050,17
1,7.92,118.81,158.01,4,3,0,480,2
1,7.67,115.02,152.98,5,3,1,420,9
1,5,75,99.75,4,3,19,450,92
1,7.82,101.61,155.94,5,3,1,960,9
1,7.64,106.94,167.67,5,3,0,1065,2
1,8.1,121.5,161.6,5,3,0,420,1
1,4.41,66.15,105.62,4,3,1,600,2
1,7.96,111.5,174.82,5,3,14,1440,47
1,8.05,112.64,176.6,5,3,14,1440,8
1,7.98,111.67,191.03,5,3,2,1440,1
1,6.51,91.17,142.95,5,3,0,420,2
1,7.3,109.44,174.74,5,3,0,420,6
1,7.14,107.15,171.08,5,3,0,420,3
1,3.63,58.06,93.62,0,1,0,900,2
1,4.48,67.21,98.36,5,3,1,570,1
1,7.65,114.73,152.6,5,3,0,360,3
1,7.7,115.44,153.53,5,3,0,360,2
1,5.5,71.47,120.67,5,3,3,420,13
1,5.39,75.47,129.11,5,3,3,960,6
1,4.25,59.53,101.84,5,3,0,960,1
1,3.4,56.69,65.88,5,3,2,960,19
1,5.95,77.41,118.79,5,3,4,480,14
1,7.03,91.38,154.29,5,3,0,420,2
1,5.97,77.58,130.99,5,3,2,420,19
1,6.02,78.31,132.23,5,3,0,420,3
1,6.19,86.6,135.77,5,3,5,535,40
1,8,112,191.6,5,3,1,360,2
1,3.92,59.64,79.46,0,1,6,930,15
1,5.74,86.1,137.48,0,1,0,840,5
1,4.2,58.74,100.49,5,3,0,600,6
1,5,75,99.75,5,3,4,480,8
1,7.92,118.79,173.82,5,3,0,420,1
1,8.53,119.4,204.26,4,3,0,900,1
1,5.35,74.86,128.06,5,3,4,1170,2
1,5.6,84.03,111.76,5,3,0,1170,2
1,5.5,82.5,89.78,4,3,0,1170,2
1,5.75,86.2,114.65,5,3,12,1170,4
1,5.45,81.75,108.73,3,3,12,1170,33
1,8.5,110.51,186.6,4,3,0,480,1
1,8.13,122.02,162.28,5,3,0,480,1
1,3.89,56,95.8,5,3,0,810,1
1,4.93,69,118.04,0,1,10,990,53
1,8.13,122,178.53,5,3,0,420,1
1,3.98,56,95.8,5,3,0,330,1
1,8.18,106.38,179.62,5,3,0,390,2
1,3.02,60,87.8,5,3,2,900,6
1,7.14,92.78,156.65,5,3,0,510,2
1,5.03,65.39,110.41,5,3,1,960,15
1,7.86,102.17,172.51,3,3,3,420,5
1,3.93,56,95.8,0,1,0,900,2
1,4.78,66.96,114.55,0,1,0,600,1
1,8.01,104.11,175.79,5,3,1,420,5
1,9.25,138.75,184.54,0,1,3,855,7
1,7.51,105.12,179.82,4,3,6,1470,7
1,5.14,71.94,123.07,5,3,8,1470,5
1,7.62,106.68,182.49,3,3,14,1470,7
1,7.96,111.47,190.7,3,3,4,1470,7
1,8.18,114.54,195.95,3,3,8,1470,8
1,7.05,91.59,154.64,5,3,1,540,6
1,8.02,120.37,176.14,3,3,11,420,52
1,5.09,71.27,121.93,5,3,11,540,21
1,2.88,49.11,86.27,5,3,4,630,10
1,5.98,89.76,131.35,5,3,0,420,1
1,6.09,91.32,133.64,5,3,0,420,2
1,3.86,55.4,95.16,0,1,19,1050,3
1,8,103.95,175.52,5,3,9,420,50
1,5,70,109.75,5,3,0,480,6
1,8.14,122.12,178.7,5,3,0,360,1
1,5.97,77.6,131.03,5,3,0,480,3
1,5.16,77.37,113.22,5,3,0,570,1
1,2.64,51.29,84.56,5,3,0,645,2
1,8.44,109.67,185.17,5,3,3,480,1
1,3.78,54.99,94.68,5,3,0,570,1
1,4.06,56.87,97.29,5,3,1,570,5
1,6.88,96.32,151.02,5,3,3,960,6
1,4.42,61.9,105.9,5,3,13,1020,41
1,4.15,62.19,99.3,5,3,16,1050,34
1,2.86,48.88,86.04,5,3,2,660,6
1,1,25.35,36.35,1,3,0,600,9
1,7.5,112.5,149.63,5,3,0,450,4
1,4.78,71.77,114.59,0,1,1,960,8
1,6.86,102.85,150.51,5,3,0,480,2
1,8.07,121.01,177.08,5,3,2,480,1
1,7.58,113.75,166.45,5,3,0,480,3
1,8.08,105.06,177.38,5,3,0,480,1
1,6.77,94.72,148.5,5,3,0,1130,1
1,4.08,61.13,73.92,5,3,0,600,2
1,2.94,53.55,92.58,4,3,2,630,7
1,2.83,60,87.8,5,3,3,960,12
1,4.69,70.28,102.85,5,3,0,660,1
1,6.14,92.14,134.83,5,3,0,600,1
1,5.44,70.74,119.45,2,3,1,960,4
1,5.27,79.06,115.69,5,3,0,960,1
1,4.73,70.88,103.72,5,3,0,1440,1
1,5.06,65.73,110.98,5,3,5,960,18
1,7.54,98.07,165.6,5,3,18,420,90
1,7.95,103.41,174.61,5,3,5,420,21
1,7.84,117.58,172.06,5,3,7,420,17
1,7.85,102.02,172.25,5,3,7,420,4
1,3.81,55.09,94.75,5,3,2,900,11
1,4.47,62.54,106.99,5,3,0,960,2
1,8.33,108.24,182.77,5,3,0,450,1
1,3,56,95.8,5,3,1,715,8
1,2.86,53.55,92.58,0,1,1,630,6
1,7.3,102.18,174.8,4,3,7,1470,1
1,7.97,111.6,190.92,3,3,5,1470,11
1,7.78,101.15,170.79,5,3,11,420,22
1,4.15,58.13,99.45,3,3,38,1010,20
1,6.64,99.54,145.66,4,3,11,480,32
1,6.61,99.12,145.04,4,3,15,480,96
1,3.13,54.64,81.72,5,3,6,1020,27
1,3.24,55.59,82.81,5,3,4,1020,8
1,5.8,86.99,127.29,5,3,0,1020,1
1,2.25,48.75,74,5,3,0,1020,2
1,4.61,64.6,110.51,5,3,13,960,5
1,5.11,76.65,122.38,5,3,11,960,37
1,4.15,58.06,99.32,5,3,11,960,53
1,6.81,95.32,163.06,5,3,17,930,47
1,7.96,103.43,174.63,5,3,0,450,1
1,7.7,115.43,168.91,5,3,0,420,1
1,2.4,48.75,80.75,5,3,0,660,1
1,7.35,102.91,176.05,5,3,3,420,8
1,0.79,23.65,43.6,5,3,1,990,10
1,3.3,60,95.8,5,3,0,600,3
1,5.32,79.75,116.7,5,3,0,600,1
1,6.6,85.86,144.98,4,3,1,420,4
1,3.93,56,87.8,5,3,2,960,7
1,8.28,124.15,181.67,5,3,14,420,37
1,5.26,68.34,115.39,5,3,1,660,8
1,5.09,71.22,121.83,0,1,16,900,5
1,5.36,75.05,128.39,0,1,0,1020,1
1,4.33,60.65,103.76,0,1,14,1020,28
1,5.4,81,129.34,0,1,12,1020,36
1,5.23,73.28,125.37,0,1,4,1020,8
1,5.24,73.35,125.48,3,3,0,1020,2
1,6.27,87.8,150.19,3,3,10,1140,12
1,0,60,87.8,5,3,5,960,1
1,7.08,92.05,155.42,4,3,6,480,6
1,7.52,97.82,165.16,5,3,12,420,58
1,7.53,112.96,165.29,5,3,0,420,1
1,0,56,95.8,1,3,2,390,5
1,6.18,80.36,135.69,1,3,7,450,22
1,2.24,45.72,69.93,5,3,12,840,14
1,7.88,118.24,173.02,5,3,0,570,1
1,7.29,94.75,159.99,4,3,12,420,50
1,5,70,119.75,0,1,6,1020,9
1,4.94,69.09,118.2,5,3,1,600,2
1,6.69,93.62,160.16,5,3,0,450,2
1,7.62,106.63,182.42,4,3,4,450,8
1,4,55.96,80.4,1,3,4,840,12
1,8,104,175.6,5,3,6,540,2
1,8.01,104.07,175.71,5,3,3,540,2
1,9,117,197.55,5,3,3,540,3
1,6.24,87.3,149.35,5,3,3,840,4
1,8.38,125.75,184.01,5,3,6,780,12
1,4.71,70.62,103.34,5,3,4,960,16
1,4.24,63.63,93.11,5,3,7,870,7
1,5.2,77.93,114.04,5,3,0,930,1
1,5.28,68.66,115.93,5,3,0,1140,3
1,8.08,113.17,193.6,5,3,7,1470,35
1,8.02,120.26,192.01,5,3,10,1470,31
1,8.04,120.61,192.58,5,3,10,1470,20
1,8.52,119.23,203.97,5,3,10,1470,8
1,1.5,32.55,59.18,5,3,0,690,2
1,4.19,62.84,100.33,5,3,4,600,21
1,4.44,66.6,106.34,5,3,14,1020,41
1,0.01,60,87.8,5,3,6,420,18
1,1.99,39.7,71.4,1,3,0,660,4
1,4,55.93,95.69,5,3,7,600,23
1,6.38,95.66,139.98,5,3,0,420,2
1,6.04,84.54,144.62,5,3,0,1020,1
1,6.32,94.78,151.32,5,3,6,1020,15
1,5.79,86.8,138.59,0,1,8,975,22
1,6.12,85.71,146.62,0,1,1,975,4
1,3.63,58.16,82.85,4,3,4,840,13
1,8.06,120.84,176.83,5,3,0,570,1
1,6.15,79.96,135,5,3,3,600,6
1,8,104.03,175.65,5,3,2,420,5
1,7.89,102.62,173.26,5,3,1,480,3
1,6.1,85.39,146.08,5,3,2,1440,3
1,6,89.95,143.63,5,3,2,1440,4
1,4.11,53.46,90.26,5,3,0,930,4
1,4.27,59.73,102.18,0,1,18,900,20
1,4.21,58.9,100.77,0,1,18,900,24
1,4.73,66.2,113.25,0,1,18,900,8
1,4.7,70.49,112.56,0,1,18,900,10
1,6,78.01,131.72,5,3,0,840,2
1,7.71,107.94,184.65,5,3,9,900,62
1,5.93,83.01,142.01,0,1,6,990,17
1,0.01,21.95,39.95,5,3,0,420,1
1,3.01,46.51,80.52,5,3,0,660,2
1,10.55,147.66,231.5,5,3,0,1105,1
1,8.1,97.16,161.53,3,3,11,780,8
1,6.85,89.06,150.38,4,3,3,840,12
1,2.81,44.97,78.28,1,3,0,660,2
1,7.71,115.67,169.26,4,3,16,420,34
1,7.12,92.55,156.27,4,3,9,420,28
1,4.08,52.99,89.47,3,3,3,480,3
1,9.17,119.2,201.27,5,3,1,420,2
1,4.05,60.71,88.83,5,3,0,660,1
1,3.56,56,95.8,5,3,0,660,1
1,5.61,78.59,134.45,4,3,0,780,6
1,5.46,71,119.89,5,3,4,900,3
1,5.5,71.45,120.63,5,3,4,900,12
1,5.21,67.68,114.27,5,3,0,810,2
1,2,42.6,71.4,0,1,9,1455,42
1,5.56,72.32,122.11,5,3,22,1140,42
1,5.47,71.09,120.03,5,3,22,1140,48
1,3.3,56,95.8,3,3,1,930,5
1,5.34,74.72,127.82,5,3,0,930,3
1,6.57,91.94,157.29,5,3,4,480,7
1,3.66,60,95.8,0,1,0,780,2
1,3.86,60,95.8,5,3,0,780,3
1,8,120,175.6,5,3,3,420,7
1,4.44,62.16,97.45,5,3,0,480,2
1,7.5,112.5,164.63,5,3,1,540,1
1,7.5,112.46,164.57,5,3,1,540,1
1,8,120,175.6,3,3,1,540,6
1,8.52,119.32,187.07,5,3,0,900,1
1,4.51,63.13,108,5,3,0,960,1
1,2.77,57.23,92.58,5,3,0,630,2
1,7.67,99.71,168.35,5,3,5,420,13
1,7.65,107.03,183.1,5,3,3,420,4
1,8.24,115.41,197.43,5,3,0,420,2
1,8.13,113.78,194.65,5,3,0,420,1
1,8.01,112.21,191.96,5,3,6,420,13
1,8.71,121.96,208.63,5,3,1,420,3
1,3.33,60,95.8,5,3,4,630,11
1,7.19,93.49,157.85,5,3,1,840,2
1,6.55,85.09,143.67,5,3,2,420,5
1,4.76,66.69,114.08,0,1,2,960,5
1,5.5,77,131.73,0,1,3,960,6
1,5.37,75.13,128.53,0,1,3,960,6
1,5.45,81.78,130.57,0,1,0,960,1
1,6.5,91,155.67,0,1,29,990,50
1,6.17,92.48,147.66,0,1,29,990,3
1,5.5,82.57,120.82,5,3,0,1440,1
1,5.76,86.41,126.45,5,3,0,480,3
1,5.83,81.67,139.71,2,3,2,930,3
1,3.77,56,95.8,4,3,7,930,1
1,8.04,104.46,176.38,5,3,0,450,1
1,8.47,110.07,185.85,5,3,0,450,1
1,8.58,111.57,188.38,5,3,0,450,1
1,5,55,94.75,0,1,5,1110,1
1,1.92,38.67,69.67,4,3,0,690,1
1,6.5,97.5,142.67,0,1,0,480,1
1,-3.45,23.65,43.6,5,3,3,900,3
1,7.07,98.96,169.3,5,3,4,930,2
1,7.15,100.05,171.15,5,3,4,930,10
1,6.58,92.12,157.59,5,3,4,930,1
1,6.87,103.06,164.56,5,3,4,930,2
1,8.24,115.41,198.07,5,3,1,420,3
1,3.46,53.28,92.37,5,3,0,630,3
1,4.73,70.95,103.82,0,1,0,540,1
1,7.97,111.59,190.89,5,3,9,420,19
1,8,104,175.6,5,3,1,420,4
1,7.75,100.81,170.21,5,3,1,420,2
1,7.37,110.58,161.81,3,3,2,120,23
1,6.38,89.38,152.9,3,3,11,1020,13
1,1.88,42.6,71.4,5,3,0,675,2
1,2.11,41.12,73.71,5,3,0,675,4
1,8.18,114.51,195.9,5,3,0,390,1
1,5.12,76.78,112.36,5,3,0,600,2
1,5.59,72.73,122.8,5,3,1,990,5
1,5.31,79.71,116.64,5,3,0,960,1
1,4.49,58.33,98.48,5,3,1,690,7
1,5.04,65.49,110.58,5,3,1,600,3
1,5.24,78.65,115.09,5,3,4,900,8
1,5.14,77.08,123.06,5,3,1,690,2
1,5.77,80.84,138.3,5,3,6,840,16
1,6.06,84.84,145.14,5,3,6,840,6
1,8.03,112.42,192.32,0,1,5,360,13
1,3.75,60,95.8,5,3,12,870,20
1,3.98,59.88,95.69,5,3,12,870,3
1,4.04,56.5,96.65,5,3,12,870,6
1,1.33,27.67,49.88,3,3,6,600,74
1,7.69,99.93,168.72,0,1,3,360,7
1,7.37,110.59,161.84,5,3,0,360,1
1,4.91,73.64,117.58,5,3,10,630,82
1,4.95,69.28,118.51,5,3,10,630,9
1,6.04,84.62,144.76,5,3,1,420,5
1,7.94,119.12,190.19,5,3,1,420,1
1,5.58,78.1,133.61,5,3,24,1080,1
1,5.04,70.59,120.75,5,3,24,1080,86
1,4.47,62.51,106.95,5,3,24,1080,6
1,4.5,63.06,107.87,5,3,1,1095,3
1,5.15,72.13,123.4,4,3,1,1110,4
1,0,56,95.8,4,3,1,1110,2
1,4.19,58.72,100.45,5,3,1,1110,1
1,6.31,94.68,138.56,5,3,0,480,1
1,8.69,112.97,190.74,5,3,0,450,1
1,3.23,56,95.8,0,1,1,1230,5
1,6.77,94.8,162.18,5,3,11,930,90
1,7.29,109.29,159.93,5,3,0,600,1
1,7.8,117,171.21,5,3,7,420,18
1,2.87,56,95.8,5,3,3,630,8
1,5.93,89,130.24,0,1,0,420,1
1,7.07,106.08,155.23,0,1,0,420,2
1,4.5,63.07,107.89,0,1,0,1020,1
1,3.5,53.55,92.58,0,1,11,1020,33
1,7.58,113.75,181.62,0,1,0,1020,2
1,3.5,53.55,92.58,0,1,11,1140,23
1,4.7,61.07,103.11,5,3,0,810,1
1,7.71,115.6,184.57,5,3,3,900,3
1,7.91,102.82,173.6,5,3,0,540,1
1,8.36,108.62,183.4,3,3,3,450,14
1,6,78,131.7,0,1,0,540,2
1,7.11,106.61,156.01,4,3,0,420,6
1,4.73,66.26,113.35,5,3,3,900,13
1,7.5,105,179.63,5,3,0,390,2
1,8.46,109.95,185.64,5,3,5,450,6
1,1.77,39.7,71.4,5,3,6,675,16
1,3.79,58.86,94.62,5,3,0,870,2
1,4.76,71.47,104.58,5,3,0,960,4
1,4.77,71.54,104.69,5,3,2,960,5
1,5.5,71.5,120.73,5,3,8,960,17
1,7.7,115.49,184.4,0,1,20,960,30
1,7.64,107.02,183.08,0,1,20,960,15
1,5.61,78.6,134.46,0,1,20,960,29
1,7.67,107.31,183.58,0,1,20,960,86
1,7.69,107.59,184.06,0,1,20,960,7
1,7.95,111.35,190.49,0,1,2,960,1
1,7.37,103.19,176.53,5,3,4,420,1
1,4.73,66.19,113.24,3,3,4,420,5
1,8.17,114.32,195.56,5,3,1,900,5
1,6.11,79.49,134.22,5,3,0,600,4
1,8.57,119.92,205.15,5,3,0,420,2
1,6.58,85.54,144.44,5,3,0,600,3
1,5.98,89.75,131.34,5,3,2,480,3
1,7.02,105.27,154.04,5,3,4,600,6
1,2.51,45.53,80.9,5,3,1,660,6
1,4.72,66.02,112.94,0,1,12,975,1
1,5.83,81.67,139.71,0,1,7,960,10
1,5.62,78.67,134.59,0,1,7,960,2
1,8.16,114.27,195.49,5,3,0,420,1
1,4.76,71.43,104.53,4,3,4,1440,29
1,5.06,75.96,111.16,4,3,3,960,7
1,5.62,84.37,123.46,5,3,0,1440,1
1,5.47,82.01,120.01,4,3,1,600,3
1,8.31,116.41,199.14,3,3,5,1440,13
1,8.14,113.9,194.85,3,3,5,1440,7
1,8,112,191.6,3,3,18,1440,3
1,5,65,109.75,5,3,0,690,1
1,5.25,78.73,125.71,5,3,0,540,1
1,8,104,175.6,5,3,6,420,26
1,7.71,100.25,169.26,5,3,10,420,32
1,7.5,97.5,164.63,5,1,8,420,13
1,8.06,104.79,176.93,5,3,1,960,5
1,5.07,70.92,121.32,5,3,10,360,91
1,4.73,61.46,103.77,4,3,1,540,10
1,7.41,96.3,162.6,0,1,5,450,10
1,7.05,91.69,154.81,0,1,7,450,11
1,0.01,56,95.8,5,3,2,780,5
1,8.28,115.99,198.42,5,3,0,390,1
1,7.99,103.84,175.33,5,3,0,390,1
1,3.89,56,95.8,0,1,29,630,25
1,4.18,58.57,100.19,0,1,29,630,5
1,3.33,56,95.8,0,1,29,630,4
1,4.16,62.34,99.54,3,3,34,630,4
1,4.23,59.26,101.37,3,3,34,630,91
1,3.94,56,95.8,4,3,34,630,4
1,7.08,99.17,169.66,0,1,5,1080,4
1,5.08,71.15,121.72,0,1,5,1080,7
1,5.63,84.46,134.86,0,1,5,1080,7
1,6,84,143.7,4,3,10,1080,10
1,6.39,89.5,153.1,0,1,10,1080,4
1,6.1,91.57,146.21,0,1,9,1050,7
1,5.88,82.33,140.84,0,1,9,1050,2
1,3.79,56,95.8,3,3,9,1050,9
1,-5.83,25.35,43.6,0,1,9,1050,13
1,6,90.02,143.73,0,1,16,1050,3
1,8.04,112.61,192.64,0,1,0,960,1
1,4.08,57.11,97.7,0,1,13,1080,1
1,5.38,75.29,128.79,3,3,3,660,6
1,6.04,78.56,132.65,5,3,0,570,3
1,5.73,74.52,125.82,5,3,1,570,4
1,6,77.99,131.69,5,3,2,1440,15
1,6.5,84.5,0,0,1,0,480,2
1,7.52,105.34,180.2,5,3,9,420,77
1,7.11,106.64,156.05,5,3,0,840,3
1,7.56,105.89,181.14,3,3,1,780,5
1,7.64,106.93,182.93,3,3,1,780,3
1,7.5,105,179.63,3,3,0,780,1
1,5.42,70.41,118.89,5,3,0,960,3
1,4.63,60.14,101.55,5,3,6,960,12
1,4.91,68.7,117.53,0,1,2,975,5
1,9,126,215.55,5,3,7,420,10
1,8.86,115.19,194.49,5,3,1,420,4
1,6,89.98,131.67,5,3,0,660,3
1,4.69,61,102.99,5,3,2,990,6
1,9.61,144.21,211.03,5,3,0,840,1
1,5.16,77.47,123.69,5,3,3,960,6
1,8.01,104.08,175.74,5,3,1,840,3
1,6.01,90.09,131.83,5,3,1,540,3
1,4.67,70.08,111.89,5,3,0,480,7
1,8.9,133.56,195.44,5,3,1,420,4
1,3.49,53.46,92.6,0,1,2,990,5
1,4.7,65.76,112.5,0,1,2,990,22
1,8.56,119.83,213.56,5,3,2,420,10
1,5.69,73.94,124.84,5,3,0,480,4
1,7.57,98.38,166.11,5,3,3,420,7
1,9.1,136.52,199.77,4,3,1,420,3
1,3.45,56,95.8,5,3,1,660,2
1,3.93,56,95.8,5,3,1,660,2
1,8.24,107.08,180.79,5,3,0,390,1
1,7.7,100.15,169.11,5,3,0,390,1
1,4.87,63.33,106.92,5,3,5,480,28
1,2.19,45.5,80.75,5,3,2,660,15
1,4.86,72.93,116.44,5,3,0,960,1
1,4.38,65.68,104.87,4,3,12,660,8
1,4.29,60.11,102.83,4,3,12,660,7
1,4.35,60.9,104.18,5,3,12,660,11
1,6.65,86.43,145.93,5,3,0,480,4
1,6.53,84.85,143.27,5,3,1,480,2
1,8.15,122.25,203.34,5,3,10,390,22
1,7.96,111.47,190.69,5,3,8,420,40
1,4.99,64.91,109.6,5,3,4,480,14
1,6.44,90.11,160.6,5,3,9,960,26
1,8.76,113.85,192.24,5,3,0,420,1
1,6.14,79.84,134.81,5,3,5,480,15
1,7.69,99.91,184.06,5,3,14,420,31
1,6.33,94.99,151.66,5,3,0,480,1
1,7.05,105.78,175.94,5,3,8,840,18
1,8.32,108.18,182.66,5,3,0,390,1
1,7.6,98.78,181.99,5,3,0,480,1
1,8.89,133.36,212.93,5,3,1,840,5
1,2.59,56,99.8,4,3,5,1015,12
1,4.02,60.37,96.4,5,3,11,540,11
1,2.02,45.73,71.88,0,1,1,1200,9
1,8.08,121.24,201.66,5,3,4,420,12
1,4.14,62.08,90.84,5,1,0,990,2
1,5.15,77.25,123.34,5,3,0,810,2
1,6.74,101.08,161.38,5,3,0,480,3
1,5.37,69.78,128.55,0,1,0,600,7
1,6.32,94.78,151.34,5,3,1,540,2
1,4.44,66.53,110.66,0,1,14,1020,8
1,4.44,62.21,110.87,0,1,14,1020,3
1,5.5,77.02,131.76,5,3,0,540,8
1,8.05,104.71,192.91,3,3,0,420,1
1,8.23,123.43,197.07,5,3,0,420,2
1,7.49,104.79,186.75,4,3,0,420,1
1,8.01,112.13,199.83,3,3,0,420,5
1,7.31,95.05,175.11,5,3,4,480,13
1,7.1,106.57,170.16,5,3,4,480,5
1,5.51,71.62,120.92,5,3,1,1140,7
1,8.28,124.21,206.61,5,3,2,420,3
1,7.47,112.05,178.91,5,3,2,690,6
1,7.09,92.15,169.77,5,3,0,960,4
1,4.89,68.5,122.08,5,3,23,990,55
1,7.33,102.65,182.94,5,3,21,960,14
1,5.03,75.52,120.58,5,3,5,960,17
1,3.6,54,93.41,3,3,2,1005,10
1,4.5,58.44,107.66,5,3,22,1085,6
1,3.52,60,95.8,5,3,22,1085,27
1,7.31,95.08,175.17,5,3,0,420,4
1,6.78,94.97,162.46,3,3,3,1080,17
1,6.83,95.63,163.6,3,3,3,1080,4
1,4.3,60.22,107.33,5,3,1,1080,2
1,4.25,59.5,101.79,4,3,1,1080,1
1,7.99,111.81,143.46,5,3,0,390,2
1,5.02,75.37,125.37,3,3,0,960,1
1,7.38,103.26,184.03,4,3,4,900,7
1,5.24,78.66,125.6,5,3,2,960,1
1,4.35,56.54,104.17,5,3,2,960,3
1,7.06,105.96,169.19,5,3,0,840,1
1,4.54,68.05,108.66,5,3,1,870,9
1,7.94,119.08,198.07,5,3,12,420,82
1,8.08,121.18,201.56,5,3,5,420,12
1,1.54,35.53,60.21,5,3,0,690,7
1,7.74,100.68,169.99,5,3,0,390,1
1,6.91,89.79,151.61,5,3,0,390,1
1,7.95,119.32,190.51,5,3,0,480,1
1,1.84,40.2,67.74,5,3,0,660,2
1,2.66,47.16,83.26,5,3,0,660,2
1,2.44,50.1,91.35,5,3,0,660,2
1,3.58,53.93,64.06,5,3,0,630,1
1,8.97,116.62,214.84,5,3,0,390,2
1,7.94,119.07,190.11,5,3,0,390,1
1,3.7,54.57,94.15,5,3,0,660,1
1,0.82,56,99.8,5,3,0,660,2
1,4.15,53.95,68.26,5,3,11,1020,54
1,1.52,32.87,62.31,5,3,1,675,9
1,2.71,47.63,87.53,5,3,7,660,37
1,2.62,46.74,86.15,5,3,7,660,18
1,8.09,113.22,201.78,4,3,5,420,11
1,4.39,65.82,105.09,5,3,15,780,100
1,8.2,106.57,196.34,4,3,0,960,4
1,7.6,114.07,182.13,5,3,0,960,1
1,7.63,99.24,182.83,4,3,0,960,3
1,4.86,72.88,116.36,5,3,0,660,1
1,7.98,103.78,175.23,4,3,6,960,31
1,3.58,50.08,93.19,5,3,2,630,7
1,5.74,80.43,87.97,5,3,8,1080,27
1,4.06,52.81,3.26,0,1,0,675,3
1,9.28,120.63,222.24,0,1,0,390,1
1,3.05,50.48,88.3,4,3,3,620,6
1,2.01,42.68,74.61,5,3,1,690,8
1,3.98,56,99.8,3,3,0,645,1
1,4,56,95.8,3,3,0,660,2
1,9.32,121.1,223.11,5,3,0,390,1
1,8.97,116.59,214.8,5,3,0,390,1
1,4.6,68.96,110.1,5,3,0,990,1
1,4.35,56.51,104.1,2,3,0,390,2
1,5.52,71.82,0,0,1,0,390,0
1,3.67,54.52,93.98,3,3,1,1020,2
1,7.1,99.39,177.13,2,3,1,1020,1
1,2.67,57.23,96.43,5,3,0,630,2
1,5,65,109.75,0,1,0,600,3
1,7.99,119.89,191.43,4,3,1,480,3
1,7.83,109.67,187.61,5,3,0,390,1
1,7.74,108.41,185.45,5,3,0,390,1
1,2.09,43.84,76.38,5,3,6,690,65
1,9.14,118.77,218.8,5,3,0,480,5
1,8.42,126.23,201.54,3,3,0,480,1
1,1.99,42.6,74.4,5,3,0,690,4
1,0.9,42.25,80.75,5,3,3,780,21
1,7.69,115.36,184.19,5,3,0,660,1
1,1.89,48.75,84.13,5,3,0,690,6
1,3.93,59.79,95.38,5,3,1,675,4
1,4.02,56.23,96.2,5,3,1,675,2
1,7.63,106.87,182.82,5,3,5,930,9
1,7.64,107.02,190.72,5,3,5,930,27
1,1.98,42.6,71.4,5,3,0,840,2
1,7.3,102.19,174.82,4,3,2,1020,9
1,7.13,99.89,178.02,4,3,2,1020,2
1,7.21,100.91,179.84,4,3,2,1020,7
1,8.35,116.92,208.38,3,3,5,900,8
1,8.66,121.25,216.08,3,3,5,900,3
1,8.89,124.51,221.9,3,3,9,1050,1
1,8.83,123.67,211.56,3,3,9,1050,19
1,8.78,122.95,219.11,4,3,9,1050,1
1,5.58,72.53,133.63,5,3,2,600,8
1,7.09,99.24,169.77,5,3,0,390,1
1,8.15,105.95,195.2,5,3,9,420,102
1,7.99,103.87,191.36,4,3,0,390,1
1,2.42,50.1,91.35,5,3,0,660,5
1,5.73,80.17,142.88,3,3,1,570,3
1,5.98,83.77,143.3,5,3,1,570,2
1,2.02,42.78,0,4,3,1,660,8
1,8.17,106.26,195.77,5,3,0,390,1
1,8.18,122.71,204.1,5,3,0,390,1
1,7.15,100.17,171.36,5,3,0,390,1
1,7.62,114.24,190.02,5,3,1,390,3
1,2.59,50.1,91.35,5,3,0,660,2
1,3.5,49.7,84.88,5,3,0,630,1
1,6.59,92.32,164.53,4,3,0,570,2
1,5.57,72.4,122.24,5,3,0,390,1
1,3.81,52,95.8,5,3,0,690,2
1,4.4,66.04,105.44,5,3,0,990,1
1,5.46,81.87,130.72,5,3,0,1470,1
1,5.44,70.76,130.36,5,3,0,1470,11
1,7.82,109.44,195.05,5,3,0,420,3
1,2.7,47.39,87.36,5,3,8,630,2
1,4.81,62.54,78.26,5,3,0,600,2
1,8.14,122.16,203.19,5,3,2,420,7
1,4.09,61.42,98.06,0,1,4,615,9
1,7.94,103.27,190.26,0,1,0,390,4
1,6.94,90.23,152.36,4,3,0,480,1
1,6.89,89.6,151.28,5,3,0,480,1
1,7.62,99.12,134.72,5,3,1,480,5
1,11.68,163.48,279.66,5,3,11,900,7
1,6.36,82.68,139.6,5,3,1,480,5
1,7.68,99.81,168.53,5,1,0,480,1
1,7.41,96.35,129.6,5,3,0,480,3
1,3.52,49.81,92.76,5,3,0,630,1
1,3.15,56,99.8,5,3,1,630,9
1,5.3,79.56,127.04,5,3,0,510,1
1,4.76,71.44,114.07,5,3,0,990,1
1,1.52,53.55,91.35,5,3,1,660,6
1,5.5,77,131.73,5,3,3,420,15
1,5.5,82.53,131.78,5,3,0,930,1
1,7,97.99,174.64,5,3,0,1440,17
1,8.19,106.43,196.07,5,3,0,510,3
1,1.87,35.25,0,1,3,2,420,8
1,7.83,117.5,169.02,0,1,3,420,8
1,8,120,175.6,0,1,5,420,16
1,7.97,103.64,175,5,3,1,480,6
1,4.8,67.2,119.75,0,1,6,960,27
1,9,117.01,215.58,5,3,0,480,1
1,7.9,110.54,196.99,5,3,3,420,7
1,2.61,50.1,91.35,5,3,3,660,7
1,3.98,60,95.8,5,3,1,600,5
1,8.41,117.76,209.87,4,3,5,990,1
1,7.15,100.09,178.38,4,3,5,990,3
1,8.19,122.78,204.22,4,3,5,990,6
1,6.93,90.16,152.22,5,3,0,480,1
1,7,91,153.65,5,3,0,480,1
1,7.11,92.47,156.14,5,3,0,480,1
1,5.66,79.31,141.33,5,3,6,960,14
1,1.84,39.7,1.11,5,3,0,645,5
1,4.87,73.12,116.74,5,3,0,870,1
1,2.91,45.85,79.47,4,3,0,480,1
1,3.92,52,95.8,4,3,0,480,14
1,5.24,78.65,125.58,5,3,20,1020,65
1,5.75,86.19,137.61,5,3,20,1020,7
1,5.75,80.5,137.71,5,3,20,1020,13
1,6.72,87.34,147.47,5,3,0,480,1
1,4.43,66.4,106.02,5,3,8,960,24
1,4.54,68.1,108.74,5,3,0,600,2
1,4.97,64.66,119.13,5,3,0,960,7
1,6.94,104.13,173.2,0,1,17,930,22
1,3.96,56,99.8,5,3,3,660,17
1,8.04,112.6,200.67,5,3,0,450,3
1,8.31,124.63,207.31,5,3,0,450,1
1,3.28,56,99.8,0,1,0,585,1
1,5.6,78.35,139.63,0,1,1,570,2
1,6.06,84.82,151.16,5,3,0,405,3
1,7.17,100.41,178.94,3,3,4,450,6
1,7.17,107.59,171.78,5,3,0,420,2
1,5.59,83.78,133.77,5,3,2,420,4
1,7.34,102.78,183.17,5,3,13,930,2
1,5.1,66.27,122.09,5,3,2,990,23
1,1.64,32.24,62.93,1,3,0,450,4
1,4.52,58.82,108.36,5,3,1,1440,20
1,4.42,57.42,105.78,5,3,3,990,26
1,8.04,120.63,200.65,5,3,0,450,1
1,8,104,199.6,4,3,4,420,1
1,8,104,199.6,5,3,4,420,41
1,8,104,199.6,0,1,6,420,33
1,8,104,199.6,0,1,2,420,51
1,5.98,77.7,143.14,4,3,0,600,3
1,5,65,124.75,0,1,4,420,28
1,6.45,96.68,160.82,0,1,5,420,13
1,6.67,100,166.33,0,1,12,840,5
1,6.77,94.82,168.97,0,1,12,840,10
1,9.08,127.16,226.62,0,1,12,840,47
1,7.85,109.89,195.83,5,3,0,570,2
1,8,104,199.6,0,1,1,420,0
1,6.13,85.87,153.03,3,3,11,1080,40
1,3.27,49.7,92.58,5,3,6,630,59
1,5.54,72,132.65,5,3,9,420,1
1,7.22,108.29,172.9,5,3,9,420,49
1,7.83,101.74,187.43,4,3,3,660,32
1,5.02,70.29,125.27,5,3,0,1020,1
1,8.3,132.8,207.09,0,1,5,540,2
1,8,120,199.6,0,1,5,420,15
1,8,104,199.6,0,1,0,420,1
1,2.91,57.23,92.58,5,3,0,960,1
1,5.06,65.83,126.34,5,3,5,450,12
1,4.49,62.92,112.13,5,3,15,510,12
1,4.89,73.41,122.11,5,3,15,510,1
1,1.5,32.55,61.65,0,1,4,720,10
1,5.88,88.25,146.79,5,3,1,930,2
1,5.96,77.53,142.83,5,3,0,960,4
1,3.99,56,99.8,0,1,2,570,5
1,8.57,128.56,213.83,5,3,0,1470,8
1,6.61,85.99,158.42,4,3,5,540,36
1,7.16,93.08,171.48,4,3,4,540,37
1,4.29,55.77,102.74,0,1,0,1050,1
1,7.29,94.71,174.48,5,3,0,480,3
1,4,56,99.8,0,1,4,1440,7
1,4.54,59.08,108.84,0,1,1,960,3
1,0.01,56,99.8,0,1,4,630,6
1,8.08,105.01,193.47,5,3,3,780,44
1,6.77,94.79,168.94,5,3,1,480,4
1,8.08,121.21,201.61,5,3,1,900,6
1,11.99,179.8,299.06,0,1,2,360,24
1,11.27,168.99,281.09,5,3,1,420,6
1,2.57,49.45,85.28,0,1,0,660,2
1,6.38,89.33,159.2,5,3,2,480,16
1,7.94,119.08,198.07,5,3,2,480,20
1,8.15,105.98,195.24,0,1,7,900,1
1,6.21,93.08,154.83,5,3,0,600,1
1,4.88,73.25,121.84,4,3,3,990,4
1,4.83,67.59,120.45,4,3,3,990,3
1,3.37,49.7,92.58,5,3,3,630,5
1,2.28,50.1,91.35,5,3,0,660,4
1,4,52,99.8,0,1,4,900,10
1,8,104,199.6,0,1,3,420,10
1,8,104,191.6,5,3,3,420,10
1,5.34,80.16,95.14,1,3,4,420,13
1,5.06,65.8,121.23,5,3,1,570,2
1,5.19,77.89,129.56,4,3,2,960,5
1,7.65,107.1,190.87,5,3,1,480,4
1,4.62,60.11,0,1,3,1,960,5
1,6.97,97.54,173.83,5,3,2,480,24
1,4.82,72.25,115.36,5,3,0,960,7
1,5,65,119.75,3,3,0,930,4
1,6.19,92.87,148.28,5,3,0,930,1
1,5.53,83,132.52,4,3,5,960,19
1,2.11,50.1,91.35,5,3,3,660,37
1,5.54,83.1,138.22,0,1,19,900,32
1,4.22,59.08,105.29,0,1,33,960,3
1,4,56,99.8,0,1,33,960,22
1,4.42,66.27,110.23,0,1,33,960,122
1,4.31,60.34,107.53,0,1,33,960,6
1,3.05,56,99.8,0,1,36,960,93
1,3.58,56,99.8,0,1,36,960,27
1,4.23,59.21,105.51,0,1,36,960,74
1,3.8,56,99.8,0,1,36,960,29
1,5.48,76.77,136.81,0,1,22,900,10
1,5.68,79.57,141.8,0,1,22,900,4
1,10.82,151.43,269.86,5,3,0,780,3
1,7.55,105.72,188.41,4,3,17,930,70
1,5.23,73.23,130.5,5,3,1,1020,9
1,6.07,91.05,151.45,0,1,0,585,3
1,8.04,112.59,200.66,5,3,0,480,1
1,5.5,82.5,137.23,0,1,17,810,1
1,5.5,82.5,137.23,0,1,17,810,35
1,5.5,77,137.23,0,1,17,810,2
1,6.04,84.53,150.65,0,1,17,990,49
1,9.15,128.04,228.18,5,3,9,540,25
1,4.88,73.18,121.73,4,3,0,1440,1
1,5.32,74.5,132.77,5,3,2,1050,13
1,6.05,90.76,144.91,5,3,3,450,17
1,0.46,23.65,45.45,1,3,11,1440,1
1,8.2,123.06,204.69,4,3,11,1440,6
1,8.43,118.07,210.41,4,3,15,990,23
1,4.76,66.69,118.85,4,3,15,990,23
1,7.51,112.66,179.88,5,3,4,900,15
1,6.26,93.85,149.85,5,3,1,420,4
1,7.56,105.82,188.58,5,3,0,570,1
1,3.65,60,99.8,5,3,1,660,3
1,3.4,56,99.8,5,3,1,660,4
1,7.52,112.75,187.54,0,1,5,420,9
1,5.94,77.19,142.21,5,3,8,540,2
1,5.47,76.53,136.39,0,1,10,960,12
1,4.95,69.32,123.54,5,3,1,960,3
1,4.41,61.75,110.05,5,3,1,960,1
1,4.89,68.52,122.12,3,3,1,960,1
1,7.5,97.5,187.13,0,1,2,420,4
1,4.31,60.3,107.47,0,1,1,1050,7
1,7.34,95.45,183.18,5,3,0,420,1
1,5.63,84.43,140.43,5,3,2,420,5
1,8.92,115.92,213.55,5,3,0,600,2
1,4.94,64.28,118.43,5,3,0,600,2
1,4.16,58.28,103.86,0,1,3,600,6
1,8.34,108.45,199.8,5,3,0,510,2
1,4.29,64.35,107.04,5,3,9,990,27
1,9.08,127.17,226.63,5,3,8,630,40
1,7.25,94.25,180.89,0,1,10,420,84
1,5.95,77.36,142.51,5,3,4,480,1
1,5.53,82.93,132.41,5,3,7,600,10
1,5.57,72.37,133.32,5,3,8,900,15
1,5.48,76.78,136.84,0,1,14,540,59
1,7.15,100.09,178.38,0,1,15,540,31
1,4,56,99.8,0,1,0,420,2
1,4.94,69.13,123.2,0,1,5,600,16
1,8.22,123.23,204.98,5,3,26,930,49
1,7.73,115.91,192.8,5,3,10,900,19
1,6.45,96.75,160.93,5,3,10,900,19
1,6.2,86.8,154.69,5,3,10,900,14
1,8,104,199.6,0,1,10,420,2
1,3.75,54.94,98.44,5,3,3,960,5
1,3.75,54.94,98.44,5,3,3,960,5
1,6.52,97.78,156.12,5,3,2,1020,9
1,5.18,77.66,124,5,3,0,1020,7
1,5.98,89.71,143.23,5,3,0,480,1
1,4.4,57.16,105.31,5,3,0,960,2
1,11.21,156.93,279.67,5,3,0,690,2
1,4.59,64.25,114.5,5,3,12,960,66
1,0,60,99.8,5,3,12,960,54
1,5.84,81.72,145.64,5,3,0,570,1
1,5.99,77.86,143.43,5,3,9,900,10
1,8,112,199.6,5,3,0,540,6
1,7.69,107.71,191.95,5,3,6,540,11
1,5.53,77.46,138.05,5,3,4,540,13
1,8,112,199.6,5,3,1,1440,5
1,8,112,199.6,5,3,12,1440,63
1,4.34,65.13,108.33,0,1,13,1080,1
1,6.23,93.49,155.5,5,3,0,1025,2
1,4.08,57.19,101.92,5,3,5,1200,4
1,4.19,62.84,104.52,5,3,5,1200,7
1,3.63,60,95.8,5,3,4,900,4
1,3.91,55.55,99.37,5,3,2,1200,11
1,4.73,66.24,118.06,5,3,3,810,10
1,6.03,84.45,150.5,5,3,0,780,2
1,4.19,58.64,104.5,5,3,7,1080,1
1,4.89,68.52,122.11,5,3,7,1080,9
1,4.66,65.26,116.31,5,3,7,1080,13
1,6.07,84.94,151.38,5,3,2,1050,4
1,4.17,58.4,104.08,5,3,16,1020,1
1,6.84,95.79,170.71,5,3,8,390,27
1,6.57,98.59,163.98,5,3,0,420,6
1,8.25,115.5,205.84,0,1,9,930,13
1,8.35,125.18,208.22,0,1,11,1020,3
1,3.55,52,95.8,5,3,4,600,9
1,7.37,103.14,183.8,5,3,0,840,2
1,3.06,50.45,92.04,0,1,0,645,1
1,3.85,56,99.8,0,1,4,960,1
1,3.53,56,99.8,0,1,4,960,6
1,3.41,56,99.8,0,1,4,960,2
1,2.65,60,99.8,0,1,4,960,8
1,4.58,59.58,109.77,0,1,13,990,9
1,4.27,55.54,102.33,5,3,2,960,7
1,6.22,80.91,149.05,5,3,3,930,12
1,6.5,97.56,155.77,5,3,0,840,1
1,6.13,79.73,146.88,5,3,0,840,8
1,4.33,64.94,103.69,5,3,0,960,4
1,5.25,78.8,125.82,5,3,0,900,1
1,7.88,118.23,188.77,3,3,0,510,1
1,6.31,94.61,157.36,3,3,1,960,1
1,5.28,73.89,131.69,3,3,1,960,1
1,8.29,116.11,206.93,4,3,3,900,3
1,8.05,112.73,200.9,4,3,3,900,16
1,8.34,116.75,208.07,4,3,3,900,1
1,8.33,116.67,207.92,2,3,5,930,18
1,6.85,95.88,170.87,5,3,5,930,11
1,4.97,69.53,123.92,0,1,4,570,13
1,7.66,99.59,191.14,5,3,0,420,3
1,4.22,63.37,105.4,0,1,0,600,2
1,3.2,52,95.8,3,3,2,570,7
1,5.99,89.87,149.48,0,1,10,945,2
1,6.08,85.17,151.79,0,1,10,945,2
1,5.82,75.69,139.44,5,3,7,540,5
1,5.6,84,139.72,0,1,26,975,2
1,5.75,86.25,143.46,0,1,26,975,27
1,5.75,80.5,143.46,0,1,26,975,5
1,2.8,60,99.8,4,3,0,630,1
1,6.39,89.52,159.54,4,3,3,900,35
1,10.73,150.2,267.68,5,3,1,360,2
1,6.69,100.4,142.05,5,3,3,600,2
1,6.8,102.04,169.73,5,3,17,990,3
1,5.08,76.27,126.87,5,3,1,600,5
1,3.5,53.55,96.43,5,3,15,1050,7
1,7.15,107.25,153.44,0,1,1,930,2
1,7.46,104.46,186.15,4,3,8,1080,2
1,6.47,97,161.34,0,1,19,975,1
1,6.32,88.43,157.6,0,1,19,975,1
1,6.59,92.33,164.55,0,1,19,975,4
1,6.57,91.93,163.84,0,1,19,975,5
1,6.27,87.73,156.35,0,1,19,975,41
1,5.77,80.79,143.97,5,3,9,420,14
1,7.94,119.07,198.06,5,3,1,480,3
1,7.13,99.87,177.98,5,3,0,480,1
1,4.68,70.2,112.08,5,3,0,840,0
1,4,60,95.8,5,3,0,660,0
1,6.82,102.29,163.32,5,3,0,840,0
1,0.25,23.65,45.45,0,1,4,1045,2
1,4.41,66.19,110.1,0,1,4,1045,1
1,4.06,56.89,101.39,0,1,4,1045,6
1,4.5,63,112.28,5,3,13,1080,1
1,3.5,53.55,96.43,5,3,13,1080,4
1,3,53.55,91.35,5,3,23,1140,1
1,3.5,57.23,96.43,5,3,23,1140,3
1,3,53.55,91.35,5,3,23,1140,3
1,4.22,63.25,105.21,5,3,15,1050,3
1,5.3,74.25,132.33,0,1,10,915,4
1,6.92,96.83,172.57,0,1,10,915,0
1,5.93,77.1,142.04,5,3,3,540,18
1,6.11,79.37,146.22,5,3,5,480,5
1,7,91,174.65,5,3,6,960,3
1,2.08,56,99.8,3,3,1,630,2
1,4.68,70.25,112.16,5,3,3,420,10
1,7.33,102.59,182.83,5,3,1,570,4
1,4.59,59.63,109.85,1,3,1,960,5
1,8.06,112.9,201.21,5,3,2,570,4
1,3.5,53.55,96.43,5,3,1,480,5
1,5,65,124.75,5,3,0,1080,1
1,4.27,59.73,106.45,0,1,6,960,12
1,5.63,73.22,134.89,5,3,0,480,4
1,4.1,53.35,98.28,0,1,0,600,2
1,5.24,78.57,125.45,5,3,3,420,13
1,3.93,55.66,99.51,5,3,11,1080,2
1,4.5,67.5,112.28,5,3,11,1080,3
1,4.5,63,112.28,5,3,20,1050,23
1,10.25,143.5,255.74,0,1,23,945,4
1,8.25,115.5,205.84,0,1,23,945,42
1,8.25,115.5,205.84,0,1,23,945,1
1,5.92,76.98,141.82,3,3,4,960,37
1,11.75,164.5,293.16,0,1,4,345,11
1,5,75,124.75,0,1,12,1005,4
1,5,70,124.75,0,1,12,1005,4
1,5.07,70.98,126.5,0,1,12,1005,24
1,7.25,108.78,180.93,5,3,0,540,2
1,8.37,125.61,208.94,5,3,0,480,4
1,8.05,120.68,200.73,5,3,1,480,4
1,4.87,68.12,121.4,5,3,0,660,0
1,6.96,97.48,173.72,5,3,0,420,6
1,9.94,139.12,247.94,0,1,4,420,33
1,8.75,122.5,218.31,0,1,8,915,1
1,6.92,96.83,172.57,0,1,10,945,22
1,7.97,111.55,198.79,0,1,16,945,19
1,7.05,98.71,175.91,0,1,16,945,15
1,7.88,110.29,196.55,0,1,14,945,1
1,7.66,114.95,191.2,0,1,14,945,13
1,7.69,107.62,191.8,0,1,14,945,1
1,3.03,52,95.8,2,3,0,930,9
1,5.99,89.84,143.44,5,3,0,960,1
1,5.44,70.72,130.29,5,3,1,810,2
1,3.58,56,99.8,0,1,6,1440,5
1,3.67,56,99.8,0,1,6,1440,22
1,4.15,58.08,103.51,5,3,21,1020,15
1,7,98.05,174.75,5,3,1,420,6
1,6.62,92.71,165.23,0,1,3,960,5
1,2.52,53.55,91.35,5,3,7,660,15
1,5.14,77.13,128.29,0,1,4,945,14
1,5.33,74.68,133.09,0,1,4,945,15
1,6.25,87.5,155.94,0,1,2,945,12
1,6.96,97.42,173.61,5,3,1,420,2
1,5.72,80.12,142.79,5,3,0,420,1
1,8.13,113.79,202.79,5,3,0,480,2
1,7.93,118.99,197.93,5,3,0,480,1
1,7.96,119.43,198.65,5,3,0,1470,2
1,5.58,78.17,139.32,5,3,0,420,2
1,5.63,73.23,134.92,5,3,0,420,3
1,6.47,84.1,154.94,5,3,2,480,12
1,4,56,99.8,5,3,0,630,1
1,5.77,86.56,138.21,5,3,2,990,2
1,9.88,148.24,236.69,5,3,4,600,3
1,5.66,73.56,135.53,5,3,4,600,14
1,6.5,97.51,155.69,5,3,0,420,1
1,7.36,110.47,176.38,5,3,0,420,1
1,7.14,99.91,178.04,0,1,13,960,5
1,7.75,108.51,193.38,0,1,10,840,4
1,8.46,118.41,211.01,0,1,10,840,3
1,7.76,116.37,193.56,0,1,10,840,7
1,8.12,113.63,202.5,0,1,10,840,25
1,8.25,115.54,205.92,0,1,10,840,4
1,9.41,131.72,234.74,0,1,10,840,3
1,7.38,110.71,176.77,5,3,2,960,9
1,5.98,89.65,143.13,5,3,0,600,1
1,7.96,103.52,190.71,0,1,0,480,1
1,7.27,109.06,181.41,5,3,0,420,6
1,5.29,79.37,126.73,5,3,0,900,1
1,6.82,102.37,163.45,5,3,0,450,2
1,5.42,81.31,129.83,5,3,9,930,1
1,8.1,113.34,201.99,5,3,1,1470,3
1,8,120.01,199.61,5,3,0,1470,1
1,4.3,64.55,107.38,5,3,12,1020,7
1,3.86,55.32,99.08,5,3,12,1020,6
1,4.61,64.59,115.12,5,3,12,1020,1
1,4,55.97,99.74,5,3,12,1020,81
1,4,60,99.8,5,3,23,1020,5
1,7.33,109.91,175.49,5,3,1,420,5
1,5.6,78.42,139.76,5,3,0,420,3
1,7.2,107.94,179.54,5,3,7,960,2
1,4.97,64.61,124,5,3,1,960,4
1,8.06,112.9,201.2,5,3,0,480,2
1,8.15,122.27,203.38,5,3,1,1470,5
1,1.63,53.55,91.35,0,1,0,1440,1
1,2.01,39.82,74.52,0,1,0,1440,1
1,5.96,77.5,142.79,5,3,0,540,4
1,4.67,60.76,111.93,5,3,0,540,2
1,1.35,32.55,61.65,5,3,3,990,17
1,5.05,70.77,126.12,0,1,0,420,5
1,5.09,76.37,121.93,0,1,0,960,1
1,4.96,64.43,118.69,0,1,0,960,11
1,4.92,73.75,117.75,5,3,2,960,8